{"AD": {"geonameid": 3041565, "name": "Andorra", "iso": "AD", "iso3": "AND", "isonumeric": 20, "fips": "AN", "continentcode": "EU", "capital": "Andorra la Vella", "areakm2": 468, "population": 84000, "tld": ".ad", "currencycode": "EUR", "currencyname": "Euro", "phone": "376", "postalcoderegex": "^(?:AD)*(\\d{3})$", "languages": "ca", "neighbours": "ES,FR"}, "AE": {"geonameid": 290557, "name": "United Arab Emirates", "iso": "AE", "iso3": "ARE", "isonumeric": 784, "fips": "AE", "continentcode": "AS", "capital": "Abu Dhabi", "areakm2": 82880, "population": 4975593, "tld": ".ae", "currencycode": "AED", "currencyname": "Dirham", "phone": "971", "postalcoderegex": "", "languages": "ar-AE,fa,en,hi,ur", "neighbours": "SA,OM"}, "AF": {"geonameid": 1149361, "name": "Afghanistan", "iso": "AF", "iso3": "AFG", "isonumeric": 4, "fips": "AF", "continentcode": "AS", "capital": "Kabul", "areakm2": 647500, "population": 29121286, "tld": ".af", "currencycode": "AFN", "currencyname": "Afghani", "phone": "93", "postalcoderegex": "", "languages": "fa-AF,ps,uz-AF,tk", "neighbours": "TM,CN,IR,TJ,PK,UZ"}, "AG": {"geonameid": 3576396, "name": "Antigua and Barbuda", "iso": "AG", "iso3": "ATG", "isonumeric": 28, "fips": "AC", "continentcode": "NA", "capital": "St. John's", "areakm2": 443, "population": 86754, "tld": ".ag", "currencycode": "XCD", "currencyname": "Dollar", "phone": "+1-268", "postalcoderegex": "", "languages": "en-AG", "neighbours": ""}, "AI": {"geonameid": 3573511, "name": "Anguilla", "iso": "AI", "iso3": "AIA", "isonumeric": 660, "fips": "AV", "continentcode": "NA", "capital": "The Valley", "areakm2": 102, "population": 13254, "tld": ".ai", "currencycode": "XCD", "currencyname": "Dollar", "phone": "+1-264", "postalcoderegex": "", "languages": "en-AI", "neighbours": ""}, "AL": {"geonameid": 783754, "name": "Albania", "iso": "AL", "iso3": "ALB", "isonumeric": 8, "fips": "AL", "continentcode": "EU", "capital": "Tirana", "areakm2": 28748, "population": 2986952, "tld": ".al", "currencycode": "ALL", "currencyname": "Lek", "phone": "355", "postalcoderegex": "", "languages": "sq,el", "neighbours": "MK,GR,CS,ME,RS,XK"}, "AM": {"geonameid": 174982, "name": "Armenia", "iso": "AM", "iso3": "ARM", "isonumeric": 51, "fips": "AM", "continentcode": "AS", "capital": "Yerevan", "areakm2": 29800, "population": 2968000, "tld": ".am", "currencycode": "AMD", "currencyname": "Dram", "phone": "374", "postalcoderegex": "^(\\d{6})$", "languages": "hy", "neighbours": "GE,IR,AZ,TR"}, "AO": {"geonameid": 3351879, "name": "Angola", "iso": "AO", "iso3": "AGO", "isonumeric": 24, "fips": "AO", "continentcode": "AF", "capital": "Luanda", "areakm2": 1246700, "population": 13068161, "tld": ".ao", "currencycode": "AOA", "currencyname": "Kwanza", "phone": "244", "postalcoderegex": "", "languages": "pt-AO", "neighbours": "CD,NA,ZM,CG"}, "AQ": {"geonameid": 6697173, "name": "Antarctica", "iso": "AQ", "iso3": "ATA", "isonumeric": 10, "fips": "AY", "continentcode": "AN", "capital": "", "areakm2": 14000000, "population": 0, "tld": ".aq", "currencycode": "", "currencyname": "", "phone": "", "postalcoderegex": "", "languages": "", "neighbours": ""}, "AR": {"geonameid": 3865483, "name": "Argentina", "iso": "AR", "iso3": "ARG", "isonumeric": 32, "fips": "AR", "continentcode": "SA", "capital": "Buenos Aires", "areakm2": 2766890, "population": 41343201, "tld": ".ar", "currencycode": "ARS", "currencyname": "Peso", "phone": "54", "postalcoderegex": "^([A-Z]\\d{4}[A-Z]{3})$", "languages": "es-AR,en,it,de,fr,gn", "neighbours": "CL,BO,UY,PY,BR"}, "AS": {"geonameid": 5880801, "name": "American Samoa", "iso": "AS", "iso3": "ASM", "isonumeric": 16, "fips": "AQ", "continentcode": "OC", "capital": "Pago Pago", "areakm2": 199, "population": 57881, "tld": ".as", "currencycode": "USD", "currencyname": "Dollar", "phone": "+1-684", "postalcoderegex": "", "languages": "en-AS,sm,to", "neighbours": ""}, "AT": {"geonameid": 2782113, "name": "Austria", "iso": "AT", "iso3": "AUT", "isonumeric": 40, "fips": "AU", "continentcode": "EU", "capital": "Vienna", "areakm2": 83858, "population": 8205000, "tld": ".at", "currencycode": "EUR", "currencyname": "Euro", "phone": "43", "postalcoderegex": "^(\\d{4})$", "languages": "de-AT,hr,hu,sl", "neighbours": "CH,DE,HU,SK,CZ,IT,SI,LI"}, "AU": {"geonameid": 2077456, "name": "Australia", "iso": "AU", "iso3": "AUS", "isonumeric": 36, "fips": "AS", "continentcode": "OC", "capital": "Canberra", "areakm2": 7686850, "population": 21515754, "tld": ".au", "currencycode": "AUD", "currencyname": "Dollar", "phone": "61", "postalcoderegex": "^(\\d{4})$", "languages": "en-AU", "neighbours": ""}, "AW": {"geonameid": 3577279, "name": "Aruba", "iso": "AW", "iso3": "ABW", "isonumeric": 533, "fips": "AA", "continentcode": "NA", "capital": "Oranjestad", "areakm2": 193, "population": 71566, "tld": ".aw", "currencycode": "AWG", "currencyname": "Guilder", "phone": "297", "postalcoderegex": "", "languages": "nl-AW,es,en", "neighbours": ""}, "AX": {"geonameid": 661882, "name": "Aland Islands", "iso": "AX", "iso3": "ALA", "isonumeric": 248, "fips": "", "continentcode": "EU", "capital": "Mariehamn", "areakm2": 0, "population": 26711, "tld": ".ax", "currencycode": "EUR", "currencyname": "Euro", "phone": "+358-18", "postalcoderegex": "", "languages": "sv-AX", "neighbours": ""}, "AZ": {"geonameid": 587116, "name": "Azerbaijan", "iso": "AZ", "iso3": "AZE", "isonumeric": 31, "fips": "AJ", "continentcode": "AS", "capital": "Baku", "areakm2": 86600, "population": 8303512, "tld": ".az", "currencycode": "AZN", "currencyname": "Manat", "phone": "994", "postalcoderegex": "^(?:AZ)*(\\d{4})$", "languages": "az,ru,hy", "neighbours": "GE,IR,AM,TR,RU"}, "BA": {"geonameid": 3277605, "name": "Bosnia and Herzegovina", "iso": "BA", "iso3": "BIH", "isonumeric": 70, "fips": "BK", "continentcode": "EU", "capital": "Sarajevo", "areakm2": 51129, "population": 4590000, "tld": ".ba", "currencycode": "BAM", "currencyname": "Marka", "phone": "387", "postalcoderegex": "^(\\d{5})$", "languages": "bs,hr-BA,sr-BA", "neighbours": "CS,HR,ME,RS"}, "BB": {"geonameid": 3374084, "name": "Barbados", "iso": "BB", "iso3": "BRB", "isonumeric": 52, "fips": "BB", "continentcode": "NA", "capital": "Bridgetown", "areakm2": 431, "population": 285653, "tld": ".bb", "currencycode": "BBD", "currencyname": "Dollar", "phone": "+1-246", "postalcoderegex": "^(?:BB)*(\\d{5})$", "languages": "en-BB", "neighbours": ""}, "BD": {"geonameid": 1210997, "name": "Bangladesh", "iso": "BD", "iso3": "BGD", "isonumeric": 50, "fips": "BG", "continentcode": "AS", "capital": "Dhaka", "areakm2": 144000, "population": 156118464, "tld": ".bd", "currencycode": "BDT", "currencyname": "Taka", "phone": "880", "postalcoderegex": "^(\\d{4})$", "languages": "bn-BD,en", "neighbours": "MM,IN"}, "BE": {"geonameid": 2802361, "name": "Belgium", "iso": "BE", "iso3": "BEL", "isonumeric": 56, "fips": "BE", "continentcode": "EU", "capital": "Brussels", "areakm2": 30510, "population": 10403000, "tld": ".be", "currencycode": "EUR", "currencyname": "Euro", "phone": "32", "postalcoderegex": "^(\\d{4})$", "languages": "nl-BE,fr-BE,de-BE", "neighbours": "DE,NL,LU,FR"}, "BF": {"geonameid": 2361809, "name": "Burkina Faso", "iso": "BF", "iso3": "BFA", "isonumeric": 854, "fips": "UV", "continentcode": "AF", "capital": "Ouagadougou", "areakm2": 274200, "population": 16241811, "tld": ".bf", "currencycode": "XOF", "currencyname": "Franc", "phone": "226", "postalcoderegex": "", "languages": "fr-BF", "neighbours": "NE,BJ,GH,CI,TG,ML"}, "BG": {"geonameid": 732800, "name": "Bulgaria", "iso": "BG", "iso3": "BGR", "isonumeric": 100, "fips": "BU", "continentcode": "EU", "capital": "Sofia", "areakm2": 110910, "population": 7148785, "tld": ".bg", "currencycode": "BGN", "currencyname": "Lev", "phone": "359", "postalcoderegex": "^(\\d{4})$", "languages": "bg,tr-BG", "neighbours": "MK,GR,RO,CS,TR,RS"}, "BH": {"geonameid": 290291, "name": "Bahrain", "iso": "BH", "iso3": "BHR", "isonumeric": 48, "fips": "BA", "continentcode": "AS", "capital": "Manama", "areakm2": 665, "population": 738004, "tld": ".bh", "currencycode": "BHD", "currencyname": "Dinar", "phone": "973", "postalcoderegex": "^(\\d{3}\\d?)$", "languages": "ar-BH,en,fa,ur", "neighbours": ""}, "BI": {"geonameid": 433561, "name": "Burundi", "iso": "BI", "iso3": "BDI", "isonumeric": 108, "fips": "BY", "continentcode": "AF", "capital": "Bujumbura", "areakm2": 27830, "population": 9863117, "tld": ".bi", "currencycode": "BIF", "currencyname": "Franc", "phone": "257", "postalcoderegex": "", "languages": "fr-BI,rn", "neighbours": "TZ,CD,RW"}, "BJ": {"geonameid": 2395170, "name": "Benin", "iso": "BJ", "iso3": "BEN", "isonumeric": 204, "fips": "BN", "continentcode": "AF", "capital": "Porto-Novo", "areakm2": 112620, "population": 9056010, "tld": ".bj", "currencycode": "XOF", "currencyname": "Franc", "phone": "229", "postalcoderegex": "", "languages": "fr-BJ", "neighbours": "NE,TG,BF,NG"}, "BL": {"geonameid": 3578476, "name": "Saint Barthelemy", "iso": "BL", "iso3": "BLM", "isonumeric": 652, "fips": "TB", "continentcode": "NA", "capital": "Gustavia", "areakm2": 21, "population": 8450, "tld": ".gp", "currencycode": "EUR", "currencyname": "Euro", "phone": "590", "postalcoderegex": "", "languages": "fr", "neighbours": ""}, "BM": {"geonameid": 3573345, "name": "Bermuda", "iso": "BM", "iso3": "BMU", "isonumeric": 60, "fips": "BD", "continentcode": "NA", "capital": "Hamilton", "areakm2": 53, "population": 65365, "tld": ".bm", "currencycode": "BMD", "currencyname": "Dollar", "phone": "+1-441", "postalcoderegex": "^([A-Z]{2}\\d{2})$", "languages": "en-BM,pt", "neighbours": ""}, "BN": {"geonameid": 1820814, "name": "Brunei", "iso": "BN", "iso3": "BRN", "isonumeric": 96, "fips": "BX", "continentcode": "AS", "capital": "Bandar Seri Begawan", "areakm2": 5770, "population": 395027, "tld": ".bn", "currencycode": "BND", "currencyname": "Dollar", "phone": "673", "postalcoderegex": "^([A-Z]{2}\\d{4})$", "languages": "ms-BN,en-BN", "neighbours": "MY"}, "BO": {"geonameid": 3923057, "name": "Bolivia", "iso": "BO", "iso3": "BOL", "isonumeric": 68, "fips": "BL", "continentcode": "SA", "capital": "Sucre", "areakm2": 1098580, "population": 9947418, "tld": ".bo", "currencycode": "BOB", "currencyname": "Boliviano", "phone": "591", "postalcoderegex": "", "languages": "es-BO,qu,ay", "neighbours": "PE,CL,PY,BR,AR"}, "BQ": {"geonameid": 7626844, "name": "Bonaire, Saint Eustatius and Saba ", "iso": "BQ", "iso3": "BES", "isonumeric": 535, "fips": "", "continentcode": "NA", "capital": "", "areakm2": 0, "population": 18012, "tld": ".bq", "currencycode": "USD", "currencyname": "Dollar", "phone": "599", "postalcoderegex": "", "languages": "nl,pap,en", "neighbours": ""}, "BR": {"geonameid": 3469034, "name": "Brazil", "iso": "BR", "iso3": "BRA", "isonumeric": 76, "fips": "BR", "continentcode": "SA", "capital": "Brasilia", "areakm2": 8511965, "population": 201103330, "tld": ".br", "currencycode": "BRL", "currencyname": "Real", "phone": "55", "postalcoderegex": "^(\\d{8})$", "languages": "pt-BR,es,en,fr", "neighbours": "SR,PE,BO,UY,GY,PY,GF,VE,CO,AR"}, "BS": {"geonameid": 3572887, "name": "Bahamas", "iso": "BS", "iso3": "BHS", "isonumeric": 44, "fips": "BF", "continentcode": "NA", "capital": "Nassau", "areakm2": 13940, "population": 301790, "tld": ".bs", "currencycode": "BSD", "currencyname": "Dollar", "phone": "+1-242", "postalcoderegex": "", "languages": "en-BS", "neighbours": ""}, "BT": {"geonameid": 1252634, "name": "Bhutan", "iso": "BT", "iso3": "BTN", "isonumeric": 64, "fips": "BT", "continentcode": "AS", "capital": "Thimphu", "areakm2": 47000, "population": 699847, "tld": ".bt", "currencycode": "BTN", "currencyname": "Ngultrum", "phone": "975", "postalcoderegex": "", "languages": "dz", "neighbours": "CN,IN"}, "BV": {"geonameid": 3371123, "name": "Bouvet Island", "iso": "BV", "iso3": "BVT", "isonumeric": 74, "fips": "BV", "continentcode": "AN", "capital": "", "areakm2": 0, "population": 0, "tld": ".bv", "currencycode": "NOK", "currencyname": "Krone", "phone": "", "postalcoderegex": "", "languages": "", "neighbours": ""}, "BW": {"geonameid": 933860, "name": "Botswana", "iso": "BW", "iso3": "BWA", "isonumeric": 72, "fips": "BC", "continentcode": "AF", "capital": "Gaborone", "areakm2": 600370, "population": 2029307, "tld": ".bw", "currencycode": "BWP", "currencyname": "Pula", "phone": "267", "postalcoderegex": "", "languages": "en-BW,tn-BW", "neighbours": "ZW,ZA,NA"}, "BY": {"geonameid": 630336, "name": "Belarus", "iso": "BY", "iso3": "BLR", "isonumeric": 112, "fips": "BO", "continentcode": "EU", "capital": "Minsk", "areakm2": 207600, "population": 9685000, "tld": ".by", "currencycode": "BYR", "currencyname": "Ruble", "phone": "375", "postalcoderegex": "^(\\d{6})$", "languages": "be,ru", "neighbours": "PL,LT,UA,RU,LV"}, "BZ": {"geonameid": 3582678, "name": "Belize", "iso": "BZ", "iso3": "BLZ", "isonumeric": 84, "fips": "BH", "continentcode": "NA", "capital": "Belmopan", "areakm2": 22966, "population": 314522, "tld": ".bz", "currencycode": "BZD", "currencyname": "Dollar", "phone": "501", "postalcoderegex": "", "languages": "en-BZ,es", "neighbours": "GT,MX"}, "CA": {"geonameid": 6251999, "name": "Canada", "iso": "CA", "iso3": "CAN", "isonumeric": 124, "fips": "CA", "continentcode": "NA", "capital": "Ottawa", "areakm2": 9984670, "population": 33679000, "tld": ".ca", "currencycode": "CAD", "currencyname": "Dollar", "phone": "1", "postalcoderegex": "^([ABCEGHJKLMNPRSTVXY]\\d[ABCEGHJKLMNPRSTVWXYZ]) ?(\\d[ABCEGHJKLMNPRSTVWXYZ]\\d)$ ", "languages": "en-CA,fr-CA,iu", "neighbours": "US"}, "CC": {"geonameid": 1547376, "name": "Cocos Islands", "iso": "CC", "iso3": "CCK", "isonumeric": 166, "fips": "CK", "continentcode": "AS", "capital": "West Island", "areakm2": 14, "population": 628, "tld": ".cc", "currencycode": "AUD", "currencyname": "Dollar", "phone": "61", "postalcoderegex": "", "languages": "ms-CC,en", "neighbours": ""}, "CD": {"geonameid": 203312, "name": "Democratic Republic of the Congo", "iso": "CD", "iso3": "COD", "isonumeric": 180, "fips": "CG", "continentcode": "AF", "capital": "Kinshasa", "areakm2": 2345410, "population": 70916439, "tld": ".cd", "currencycode": "CDF", "currencyname": "Franc", "phone": "243", "postalcoderegex": "", "languages": "fr-CD,ln,kg", "neighbours": "TZ,CF,SS,RW,ZM,BI,UG,CG,AO"}, "CF": {"geonameid": 239880, "name": "Central African Republic", "iso": "CF", "iso3": "CAF", "isonumeric": 140, "fips": "CT", "continentcode": "AF", "capital": "Bangui", "areakm2": 622984, "population": 4844927, "tld": ".cf", "currencycode": "XAF", "currencyname": "Franc", "phone": "236", "postalcoderegex": "", "languages": "fr-CF,sg,ln,kg", "neighbours": "TD,SD,CD,SS,CM,CG"}, "CG": {"geonameid": 2260494, "name": "Republic of the Congo", "iso": "CG", "iso3": "COG", "isonumeric": 178, "fips": "CF", "continentcode": "AF", "capital": "Brazzaville", "areakm2": 342000, "population": 3039126, "tld": ".cg", "currencycode": "XAF", "currencyname": "Franc", "phone": "242", "postalcoderegex": "", "languages": "fr-CG,kg,ln-CG", "neighbours": "CF,GA,CD,CM,AO"}, "CH": {"geonameid": 2658434, "name": "Switzerland", "iso": "CH", "iso3": "CHE", "isonumeric": 756, "fips": "SZ", "continentcode": "EU", "capital": "Berne", "areakm2": 41290, "population": 7581000, "tld": ".ch", "currencycode": "CHF", "currencyname": "Franc", "phone": "41", "postalcoderegex": "^(\\d{4})$", "languages": "de-CH,fr-CH,it-CH,rm", "neighbours": "DE,IT,LI,FR,AT"}, "CI": {"geonameid": 2287781, "name": "Ivory Coast", "iso": "CI", "iso3": "CIV", "isonumeric": 384, "fips": "IV", "continentcode": "AF", "capital": "Yamoussoukro", "areakm2": 322460, "population": 21058798, "tld": ".ci", "currencycode": "XOF", "currencyname": "Franc", "phone": "225", "postalcoderegex": "", "languages": "fr-CI", "neighbours": "LR,GH,GN,BF,ML"}, "CK": {"geonameid": 1899402, "name": "Cook Islands", "iso": "CK", "iso3": "COK", "isonumeric": 184, "fips": "CW", "continentcode": "OC", "capital": "Avarua", "areakm2": 240, "population": 21388, "tld": ".ck", "currencycode": "NZD", "currencyname": "Dollar", "phone": "682", "postalcoderegex": "", "languages": "en-CK,mi", "neighbours": ""}, "CL": {"geonameid": 3895114, "name": "Chile", "iso": "CL", "iso3": "CHL", "isonumeric": 152, "fips": "CI", "continentcode": "SA", "capital": "Santiago", "areakm2": 756950, "population": 16746491, "tld": ".cl", "currencycode": "CLP", "currencyname": "Peso", "phone": "56", "postalcoderegex": "^(\\d{7})$", "languages": "es-CL", "neighbours": "PE,BO,AR"}, "CM": {"geonameid": 2233387, "name": "Cameroon", "iso": "CM", "iso3": "CMR", "isonumeric": 120, "fips": "CM", "continentcode": "AF", "capital": "Yaounde", "areakm2": 475440, "population": 19294149, "tld": ".cm", "currencycode": "XAF", "currencyname": "Franc", "phone": "237", "postalcoderegex": "", "languages": "en-CM,fr-CM", "neighbours": "TD,CF,GA,GQ,CG,NG"}, "CN": {"geonameid": 1814991, "name": "China", "iso": "CN", "iso3": "CHN", "isonumeric": 156, "fips": "CH", "continentcode": "AS", "capital": "Beijing", "areakm2": 9596960, "population": 1330044000, "tld": ".cn", "currencycode": "CNY", "currencyname": "Yuan Renminbi", "phone": "86", "postalcoderegex": "^(\\d{6})$", "languages": "zh-CN,yue,wuu,dta,ug,za", "neighbours": "LA,BT,TJ,KZ,MN,AF,NP,MM,KG,PK,KP,RU,VN,IN"}, "CO": {"geonameid": 3686110, "name": "Colombia", "iso": "CO", "iso3": "COL", "isonumeric": 170, "fips": "CO", "continentcode": "SA", "capital": "Bogota", "areakm2": 1138910, "population": 44205293, "tld": ".co", "currencycode": "COP", "currencyname": "Peso", "phone": "57", "postalcoderegex": "", "languages": "es-CO", "neighbours": "EC,PE,PA,BR,VE"}, "CR": {"geonameid": 3624060, "name": "Costa Rica", "iso": "CR", "iso3": "CRI", "isonumeric": 188, "fips": "CS", "continentcode": "NA", "capital": "San Jose", "areakm2": 51100, "population": 4516220, "tld": ".cr", "currencycode": "CRC", "currencyname": "Colon", "phone": "506", "postalcoderegex": "^(\\d{4})$", "languages": "es-CR,en", "neighbours": "PA,NI"}, "CU": {"geonameid": 3562981, "name": "Cuba", "iso": "CU", "iso3": "CUB", "isonumeric": 192, "fips": "CU", "continentcode": "NA", "capital": "Havana", "areakm2": 110860, "population": 11423000, "tld": ".cu", "currencycode": "CUP", "currencyname": "Peso", "phone": "53", "postalcoderegex": "^(?:CP)*(\\d{5})$", "languages": "es-CU", "neighbours": "US"}, "CV": {"geonameid": 3374766, "name": "Cape Verde", "iso": "CV", "iso3": "CPV", "isonumeric": 132, "fips": "CV", "continentcode": "AF", "capital": "Praia", "areakm2": 4033, "population": 508659, "tld": ".cv", "currencycode": "CVE", "currencyname": "Escudo", "phone": "238", "postalcoderegex": "^(\\d{4})$", "languages": "pt-CV", "neighbours": ""}, "CW": {"geonameid": 7626836, "name": "Curacao", "iso": "CW", "iso3": "CUW", "isonumeric": 531, "fips": "UC", "continentcode": "NA", "capital": " Willemstad", "areakm2": 0, "population": 141766, "tld": ".cw", "currencycode": "ANG", "currencyname": "Guilder", "phone": "599", "postalcoderegex": "", "languages": "nl,pap", "neighbours": ""}, "CX": {"geonameid": 2078138, "name": "Christmas Island", "iso": "CX", "iso3": "CXR", "isonumeric": 162, "fips": "KT", "continentcode": "AS", "capital": "Flying Fish Cove", "areakm2": 135, "population": 1500, "tld": ".cx", "currencycode": "AUD", "currencyname": "Dollar", "phone": "61", "postalcoderegex": "^(\\d{4})$", "languages": "en,zh,ms-CC", "neighbours": ""}, "CY": {"geonameid": 146669, "name": "Cyprus", "iso": "CY", "iso3": "CYP", "isonumeric": 196, "fips": "CY", "continentcode": "EU", "capital": "Nicosia", "areakm2": 9250, "population": 1102677, "tld": ".cy", "currencycode": "EUR", "currencyname": "Euro", "phone": "357", "postalcoderegex": "^(\\d{4})$", "languages": "el-CY,tr-CY,en", "neighbours": ""}, "CZ": {"geonameid": 3077311, "name": "Czech Republic", "iso": "CZ", "iso3": "CZE", "isonumeric": 203, "fips": "EZ", "continentcode": "EU", "capital": "Prague", "areakm2": 78866, "population": 10476000, "tld": ".cz", "currencycode": "CZK", "currencyname": "Koruna", "phone": "420", "postalcoderegex": "^(\\d{5})$", "languages": "cs,sk", "neighbours": "PL,DE,SK,AT"}, "DE": {"geonameid": 2921044, "name": "Germany", "iso": "DE", "iso3": "DEU", "isonumeric": 276, "fips": "GM", "continentcode": "EU", "capital": "Berlin", "areakm2": 357021, "population": 81802257, "tld": ".de", "currencycode": "EUR", "currencyname": "Euro", "phone": "49", "postalcoderegex": "^(\\d{5})$", "languages": "de", "neighbours": "CH,PL,NL,DK,BE,CZ,LU,FR,AT"}, "DJ": {"geonameid": 223816, "name": "Djibouti", "iso": "DJ", "iso3": "DJI", "isonumeric": 262, "fips": "DJ", "continentcode": "AF", "capital": "Djibouti", "areakm2": 23000, "population": 740528, "tld": ".dj", "currencycode": "DJF", "currencyname": "Franc", "phone": "253", "postalcoderegex": "", "languages": "fr-DJ,ar,so-DJ,aa", "neighbours": "ER,ET,SO"}, "DK": {"geonameid": 2623032, "name": "Denmark", "iso": "DK", "iso3": "DNK", "isonumeric": 208, "fips": "DA", "continentcode": "EU", "capital": "Copenhagen", "areakm2": 43094, "population": 5484000, "tld": ".dk", "currencycode": "DKK", "currencyname": "Krone", "phone": "45", "postalcoderegex": "^(\\d{4})$", "languages": "da-DK,en,fo,de-DK", "neighbours": "DE"}, "DM": {"geonameid": 3575830, "name": "Dominica", "iso": "DM", "iso3": "DMA", "isonumeric": 212, "fips": "DO", "continentcode": "NA", "capital": "Roseau", "areakm2": 754, "population": 72813, "tld": ".dm", "currencycode": "XCD", "currencyname": "Dollar", "phone": "+1-767", "postalcoderegex": "", "languages": "en-DM", "neighbours": ""}, "DO": {"geonameid": 3508796, "name": "Dominican Republic", "iso": "DO", "iso3": "DOM", "isonumeric": 214, "fips": "DR", "continentcode": "NA", "capital": "Santo Domingo", "areakm2": 48730, "population": 9823821, "tld": ".do", "currencycode": "DOP", "currencyname": "Peso", "phone": "+1-809 and 1-829", "postalcoderegex": "^(\\d{5})$", "languages": "es-DO", "neighbours": "HT"}, "DZ": {"geonameid": 2589581, "name": "Algeria", "iso": "DZ", "iso3": "DZA", "isonumeric": 12, "fips": "AG", "continentcode": "AF", "capital": "Algiers", "areakm2": 2381740, "population": 34586184, "tld": ".dz", "currencycode": "DZD", "currencyname": "Dinar", "phone": "213", "postalcoderegex": "^(\\d{5})$", "languages": "ar-DZ", "neighbours": "NE,EH,LY,MR,TN,MA,ML"}, "EC": {"geonameid": 3658394, "name": "Ecuador", "iso": "EC", "iso3": "ECU", "isonumeric": 218, "fips": "EC", "continentcode": "SA", "capital": "Quito", "areakm2": 283560, "population": 14790608, "tld": ".ec", "currencycode": "USD", "currencyname": "Dollar", "phone": "593", "postalcoderegex": "^([a-zA-Z]\\d{4}[a-zA-Z])$", "languages": "es-EC", "neighbours": "PE,CO"}, "EE": {"geonameid": 453733, "name": "Estonia", "iso": "EE", "iso3": "EST", "isonumeric": 233, "fips": "EN", "continentcode": "EU", "capital": "Tallinn", "areakm2": 45226, "population": 1291170, "tld": ".ee", "currencycode": "EUR", "currencyname": "Euro", "phone": "372", "postalcoderegex": "^(\\d{5})$", "languages": "et,ru", "neighbours": "RU,LV"}, "EG": {"geonameid": 357994, "name": "Egypt", "iso": "EG", "iso3": "EGY", "isonumeric": 818, "fips": "EG", "continentcode": "AF", "capital": "Cairo", "areakm2": 1001450, "population": 80471869, "tld": ".eg", "currencycode": "EGP", "currencyname": "Pound", "phone": "20", "postalcoderegex": "^(\\d{5})$", "languages": "ar-EG,en,fr", "neighbours": "LY,SD,IL"}, "EH": {"geonameid": 2461445, "name": "Western Sahara", "iso": "EH", "iso3": "ESH", "isonumeric": 732, "fips": "WI", "continentcode": "AF", "capital": "El-Aaiun", "areakm2": 266000, "population": 273008, "tld": ".eh", "currencycode": "MAD", "currencyname": "Dirham", "phone": "212", "postalcoderegex": "", "languages": "ar,mey", "neighbours": "DZ,MR,MA"}, "ER": {"geonameid": 338010, "name": "Eritrea", "iso": "ER", "iso3": "ERI", "isonumeric": 232, "fips": "ER", "continentcode": "AF", "capital": "Asmara", "areakm2": 121320, "population": 5792984, "tld": ".er", "currencycode": "ERN", "currencyname": "Nakfa", "phone": "291", "postalcoderegex": "", "languages": "aa-ER,ar,tig,kun,ti-ER", "neighbours": "ET,SD,DJ"}, "ES": {"geonameid": 2510769, "name": "Spain", "iso": "ES", "iso3": "ESP", "isonumeric": 724, "fips": "SP", "continentcode": "EU", "capital": "Madrid", "areakm2": 504782, "population": 46505963, "tld": ".es", "currencycode": "EUR", "currencyname": "Euro", "phone": "34", "postalcoderegex": "^(\\d{5})$", "languages": "es-ES,ca,gl,eu,oc", "neighbours": "AD,PT,GI,FR,MA"}, "ET": {"geonameid": 337996, "name": "Ethiopia", "iso": "ET", "iso3": "ETH", "isonumeric": 231, "fips": "ET", "continentcode": "AF", "capital": "Addis Ababa", "areakm2": 1127127, "population": 88013491, "tld": ".et", "currencycode": "ETB", "currencyname": "Birr", "phone": "251", "postalcoderegex": "^(\\d{4})$", "languages": "am,en-ET,om-ET,ti-ET,so-ET,sid", "neighbours": "ER,KE,SD,SS,SO,DJ"}, "FI": {"geonameid": 660013, "name": "Finland", "iso": "FI", "iso3": "FIN", "isonumeric": 246, "fips": "FI", "continentcode": "EU", "capital": "Helsinki", "areakm2": 337030, "population": 5244000, "tld": ".fi", "currencycode": "EUR", "currencyname": "Euro", "phone": "358", "postalcoderegex": "^(?:FI)*(\\d{5})$", "languages": "fi-FI,sv-FI,smn", "neighbours": "NO,RU,SE"}, "FJ": {"geonameid": 2205218, "name": "Fiji", "iso": "FJ", "iso3": "FJI", "isonumeric": 242, "fips": "FJ", "continentcode": "OC", "capital": "Suva", "areakm2": 18270, "population": 875983, "tld": ".fj", "currencycode": "FJD", "currencyname": "Dollar", "phone": "679", "postalcoderegex": "", "languages": "en-FJ,fj", "neighbours": ""}, "FK": {"geonameid": 3474414, "name": "Falkland Islands", "iso": "FK", "iso3": "FLK", "isonumeric": 238, "fips": "FK", "continentcode": "SA", "capital": "Stanley", "areakm2": 12173, "population": 2638, "tld": ".fk", "currencycode": "FKP", "currencyname": "Pound", "phone": "500", "postalcoderegex": "", "languages": "en-FK", "neighbours": ""}, "FM": {"geonameid": 2081918, "name": "Micronesia", "iso": "FM", "iso3": "FSM", "isonumeric": 583, "fips": "FM", "continentcode": "OC", "capital": "Palikir", "areakm2": 702, "population": 107708, "tld": ".fm", "currencycode": "USD", "currencyname": "Dollar", "phone": "691", "postalcoderegex": "^(\\d{5})$", "languages": "en-FM,chk,pon,yap,kos,uli,woe,nkr,kpg", "neighbours": ""}, "FO": {"geonameid": 2622320, "name": "Faroe Islands", "iso": "FO", "iso3": "FRO", "isonumeric": 234, "fips": "FO", "continentcode": "EU", "capital": "Torshavn", "areakm2": 1399, "population": 48228, "tld": ".fo", "currencycode": "DKK", "currencyname": "Krone", "phone": "298", "postalcoderegex": "^(?:FO)*(\\d{3})$", "languages": "fo,da-FO", "neighbours": ""}, "FR": {"geonameid": 3017382, "name": "France", "iso": "FR", "iso3": "FRA", "isonumeric": 250, "fips": "FR", "continentcode": "EU", "capital": "Paris", "areakm2": 547030, "population": 64768389, "tld": ".fr", "currencycode": "EUR", "currencyname": "Euro", "phone": "33", "postalcoderegex": "^(\\d{5})$", "languages": "fr-FR,frp,br,co,ca,eu,oc", "neighbours": "CH,DE,BE,LU,IT,AD,MC,ES"}, "GA": {"geonameid": 2400553, "name": "Gabon", "iso": "GA", "iso3": "GAB", "isonumeric": 266, "fips": "GB", "continentcode": "AF", "capital": "Libreville", "areakm2": 267667, "population": 1545255, "tld": ".ga", "currencycode": "XAF", "currencyname": "Franc", "phone": "241", "postalcoderegex": "", "languages": "fr-GA", "neighbours": "CM,GQ,CG"}, "GB": {"geonameid": 2635167, "name": "United Kingdom", "iso": "GB", "iso3": "GBR", "isonumeric": 826, "fips": "UK", "continentcode": "EU", "capital": "London", "areakm2": 244820, "population": 62348447, "tld": ".uk", "currencycode": "GBP", "currencyname": "Pound", "phone": "44", "postalcoderegex": "^(([A-Z]\\d{2}[A-Z]{2})|([A-Z]\\d{3}[A-Z]{2})|([A-Z]{2}\\d{2}[A-Z]{2})|([A-Z]{2}\\d{3}[A-Z]{2})|([A-Z]\\d[A-Z]\\d[A-Z]{2})|([A-Z]{2}\\d[A-Z]\\d[A-Z]{2})|(GIR0AA))$", "languages": "en-GB,cy-GB,gd", "neighbours": "IE"}, "GD": {"geonameid": 3580239, "name": "Grenada", "iso": "GD", "iso3": "GRD", "isonumeric": 308, "fips": "GJ", "continentcode": "NA", "capital": "St. George's", "areakm2": 344, "population": 107818, "tld": ".gd", "currencycode": "XCD", "currencyname": "Dollar", "phone": "+1-473", "postalcoderegex": "", "languages": "en-GD", "neighbours": ""}, "GE": {"geonameid": 614540, "name": "Georgia", "iso": "GE", "iso3": "GEO", "isonumeric": 268, "fips": "GG", "continentcode": "AS", "capital": "Tbilisi", "areakm2": 69700, "population": 4630000, "tld": ".ge", "currencycode": "GEL", "currencyname": "Lari", "phone": "995", "postalcoderegex": "^(\\d{4})$", "languages": "ka,ru,hy,az", "neighbours": "AM,AZ,TR,RU"}, "GF": {"geonameid": 3381670, "name": "French Guiana", "iso": "GF", "iso3": "GUF", "isonumeric": 254, "fips": "FG", "continentcode": "SA", "capital": "Cayenne", "areakm2": 91000, "population": 195506, "tld": ".gf", "currencycode": "EUR", "currencyname": "Euro", "phone": "594", "postalcoderegex": "^((97|98)3\\d{2})$", "languages": "fr-GF", "neighbours": "SR,BR"}, "GG": {"geonameid": 3042362, "name": "Guernsey", "iso": "GG", "iso3": "GGY", "isonumeric": 831, "fips": "GK", "continentcode": "EU", "capital": "St Peter Port", "areakm2": 78, "population": 65228, "tld": ".gg", "currencycode": "GBP", "currencyname": "Pound", "phone": "+44-1481", "postalcoderegex": "^(([A-Z]\\d{2}[A-Z]{2})|([A-Z]\\d{3}[A-Z]{2})|([A-Z]{2}\\d{2}[A-Z]{2})|([A-Z]{2}\\d{3}[A-Z]{2})|([A-Z]\\d[A-Z]\\d[A-Z]{2})|([A-Z]{2}\\d[A-Z]\\d[A-Z]{2})|(GIR0AA))$", "languages": "en,fr", "neighbours": ""}, "GH": {"geonameid": 2300660, "name": "Ghana", "iso": "GH", "iso3": "GHA", "isonumeric": 288, "fips": "GH", "continentcode": "AF", "capital": "Accra", "areakm2": 239460, "population": 24339838, "tld": ".gh", "currencycode": "GHS", "currencyname": "Cedi", "phone": "233", "postalcoderegex": "", "languages": "en-GH,ak,ee,tw", "neighbours": "CI,TG,BF"}, "GI": {"geonameid": 2411586, "name": "Gibraltar", "iso": "GI", "iso3": "GIB", "isonumeric": 292, "fips": "GI", "continentcode": "EU", "capital": "Gibraltar", "areakm2": 6, "population": 27884, "tld": ".gi", "currencycode": "GIP", "currencyname": "Pound", "phone": "350", "postalcoderegex": "", "languages": "en-GI,es,it,pt", "neighbours": "ES"}, "GL": {"geonameid": 3425505, "name": "Greenland", "iso": "GL", "iso3": "GRL", "isonumeric": 304, "fips": "GL", "continentcode": "NA", "capital": "Nuuk", "areakm2": 2166086, "population": 56375, "tld": ".gl", "currencycode": "DKK", "currencyname": "Krone", "phone": "299", "postalcoderegex": "^(\\d{4})$", "languages": "kl,da-GL,en", "neighbours": ""}, "GM": {"geonameid": 2413451, "name": "Gambia", "iso": "GM", "iso3": "GMB", "isonumeric": 270, "fips": "GA", "continentcode": "AF", "capital": "Banjul", "areakm2": 11300, "population": 1593256, "tld": ".gm", "currencycode": "GMD", "currencyname": "Dalasi", "phone": "220", "postalcoderegex": "", "languages": "en-GM,mnk,wof,wo,ff", "neighbours": "SN"}, "GN": {"geonameid": 2420477, "name": "Guinea", "iso": "GN", "iso3": "GIN", "isonumeric": 324, "fips": "GV", "continentcode": "AF", "capital": "Conakry", "areakm2": 245857, "population": 10324025, "tld": ".gn", "currencycode": "GNF", "currencyname": "Franc", "phone": "224", "postalcoderegex": "", "languages": "fr-GN", "neighbours": "LR,SN,SL,CI,GW,ML"}, "GP": {"geonameid": 3579143, "name": "Guadeloupe", "iso": "GP", "iso3": "GLP", "isonumeric": 312, "fips": "GP", "continentcode": "NA", "capital": "Basse-Terre", "areakm2": 1780, "population": 443000, "tld": ".gp", "currencycode": "EUR", "currencyname": "Euro", "phone": "590", "postalcoderegex": "^((97|98)\\d{3})$", "languages": "fr-GP", "neighbours": "AN"}, "GQ": {"geonameid": 2309096, "name": "Equatorial Guinea", "iso": "GQ", "iso3": "GNQ", "isonumeric": 226, "fips": "EK", "continentcode": "AF", "capital": "Malabo", "areakm2": 28051, "population": 1014999, "tld": ".gq", "currencycode": "XAF", "currencyname": "Franc", "phone": "240", "postalcoderegex": "", "languages": "es-GQ,fr", "neighbours": "GA,CM"}, "GR": {"geonameid": 390903, "name": "Greece", "iso": "GR", "iso3": "GRC", "isonumeric": 300, "fips": "GR", "continentcode": "EU", "capital": "Athens", "areakm2": 131940, "population": 11000000, "tld": ".gr", "currencycode": "EUR", "currencyname": "Euro", "phone": "30", "postalcoderegex": "^(\\d{5})$", "languages": "el-GR,en,fr", "neighbours": "AL,MK,TR,BG"}, "GS": {"geonameid": 3474415, "name": "South Georgia and the South Sandwich Islands", "iso": "GS", "iso3": "SGS", "isonumeric": 239, "fips": "SX", "continentcode": "AN", "capital": "Grytviken", "areakm2": 3903, "population": 30, "tld": ".gs", "currencycode": "GBP", "currencyname": "Pound", "phone": "", "postalcoderegex": "", "languages": "en", "neighbours": ""}, "GT": {"geonameid": 3595528, "name": "Guatemala", "iso": "GT", "iso3": "GTM", "isonumeric": 320, "fips": "GT", "continentcode": "NA", "capital": "Guatemala City", "areakm2": 108890, "population": 13550440, "tld": ".gt", "currencycode": "GTQ", "currencyname": "Quetzal", "phone": "502", "postalcoderegex": "^(\\d{5})$", "languages": "es-GT", "neighbours": "MX,HN,BZ,SV"}, "GU": {"geonameid": 4043988, "name": "Guam", "iso": "GU", "iso3": "GUM", "isonumeric": 316, "fips": "GQ", "continentcode": "OC", "capital": "Hagatna", "areakm2": 549, "population": 159358, "tld": ".gu", "currencycode": "USD", "currencyname": "Dollar", "phone": "+1-671", "postalcoderegex": "^(969\\d{2})$", "languages": "en-GU,ch-GU", "neighbours": ""}, "GW": {"geonameid": 2372248, "name": "Guinea-Bissau", "iso": "GW", "iso3": "GNB", "isonumeric": 624, "fips": "PU", "continentcode": "AF", "capital": "Bissau", "areakm2": 36120, "population": 1565126, "tld": ".gw", "currencycode": "XOF", "currencyname": "Franc", "phone": "245", "postalcoderegex": "^(\\d{4})$", "languages": "pt-GW,pov", "neighbours": "SN,GN"}, "GY": {"geonameid": 3378535, "name": "Guyana", "iso": "GY", "iso3": "GUY", "isonumeric": 328, "fips": "GY", "continentcode": "SA", "capital": "Georgetown", "areakm2": 214970, "population": 748486, "tld": ".gy", "currencycode": "GYD", "currencyname": "Dollar", "phone": "592", "postalcoderegex": "", "languages": "en-GY", "neighbours": "SR,BR,VE"}, "HK": {"geonameid": 1819730, "name": "Hong Kong", "iso": "HK", "iso3": "HKG", "isonumeric": 344, "fips": "HK", "continentcode": "AS", "capital": "Hong Kong", "areakm2": 1092, "population": 6898686, "tld": ".hk", "currencycode": "HKD", "currencyname": "Dollar", "phone": "852", "postalcoderegex": "", "languages": "zh-HK,yue,zh,en", "neighbours": ""}, "HM": {"geonameid": 1547314, "name": "Heard Island and McDonald Islands", "iso": "HM", "iso3": "HMD", "isonumeric": 334, "fips": "HM", "continentcode": "AN", "capital": "", "areakm2": 412, "population": 0, "tld": ".hm", "currencycode": "AUD", "currencyname": "Dollar", "phone": " ", "postalcoderegex": "", "languages": "", "neighbours": ""}, "HN": {"geonameid": 3608932, "name": "Honduras", "iso": "HN", "iso3": "HND", "isonumeric": 340, "fips": "HO", "continentcode": "NA", "capital": "Tegucigalpa", "areakm2": 112090, "population": 7989415, "tld": ".hn", "currencycode": "HNL", "currencyname": "Lempira", "phone": "504", "postalcoderegex": "^([A-Z]{2}\\d{4})$", "languages": "es-HN", "neighbours": "GT,NI,SV"}, "HR": {"geonameid": 3202326, "name": "Croatia", "iso": "HR", "iso3": "HRV", "isonumeric": 191, "fips": "HR", "continentcode": "EU", "capital": "Zagreb", "areakm2": 56542, "population": 4491000, "tld": ".hr", "currencycode": "HRK", "currencyname": "Kuna", "phone": "385", "postalcoderegex": "^(?:HR)*(\\d{5})$", "languages": "hr-HR,sr", "neighbours": "HU,SI,CS,BA,ME,RS"}, "HT": {"geonameid": 3723988, "name": "Haiti", "iso": "HT", "iso3": "HTI", "isonumeric": 332, "fips": "HA", "continentcode": "NA", "capital": "Port-au-Prince", "areakm2": 27750, "population": 9648924, "tld": ".ht", "currencycode": "HTG", "currencyname": "Gourde", "phone": "509", "postalcoderegex": "^(?:HT)*(\\d{4})$", "languages": "ht,fr-HT", "neighbours": "DO"}, "HU": {"geonameid": 719819, "name": "Hungary", "iso": "HU", "iso3": "HUN", "isonumeric": 348, "fips": "HU", "continentcode": "EU", "capital": "Budapest", "areakm2": 93030, "population": 9982000, "tld": ".hu", "currencycode": "HUF", "currencyname": "Forint", "phone": "36", "postalcoderegex": "^(\\d{4})$", "languages": "hu-HU", "neighbours": "SK,SI,RO,UA,CS,HR,AT,RS"}, "ID": {"geonameid": 1643084, "name": "Indonesia", "iso": "ID", "iso3": "IDN", "isonumeric": 360, "fips": "ID", "continentcode": "AS", "capital": "Jakarta", "areakm2": 1919440, "population": 242968342, "tld": ".id", "currencycode": "IDR", "currencyname": "Rupiah", "phone": "62", "postalcoderegex": "^(\\d{5})$", "languages": "id,en,nl,jv", "neighbours": "PG,TL,MY"}, "IE": {"geonameid": 2963597, "name": "Ireland", "iso": "IE", "iso3": "IRL", "isonumeric": 372, "fips": "EI", "continentcode": "EU", "capital": "Dublin", "areakm2": 70280, "population": 4622917, "tld": ".ie", "currencycode": "EUR", "currencyname": "Euro", "phone": "353", "postalcoderegex": "", "languages": "en-IE,ga-IE", "neighbours": "GB"}, "IL": {"geonameid": 294640, "name": "Israel", "iso": "IL", "iso3": "ISR", "isonumeric": 376, "fips": "IS", "continentcode": "AS", "capital": "Jerusalem", "areakm2": 20770, "population": 7353985, "tld": ".il", "currencycode": "ILS", "currencyname": "Shekel", "phone": "972", "postalcoderegex": "^(\\d{5})$", "languages": "he,ar-IL,en-IL,", "neighbours": "SY,JO,LB,EG,PS"}, "IM": {"geonameid": 3042225, "name": "Isle of Man", "iso": "IM", "iso3": "IMN", "isonumeric": 833, "fips": "IM", "continentcode": "EU", "capital": "Douglas, Isle of Man", "areakm2": 572, "population": 75049, "tld": ".im", "currencycode": "GBP", "currencyname": "Pound", "phone": "+44-1624", "postalcoderegex": "^(([A-Z]\\d{2}[A-Z]{2})|([A-Z]\\d{3}[A-Z]{2})|([A-Z]{2}\\d{2}[A-Z]{2})|([A-Z]{2}\\d{3}[A-Z]{2})|([A-Z]\\d[A-Z]\\d[A-Z]{2})|([A-Z]{2}\\d[A-Z]\\d[A-Z]{2})|(GIR0AA))$", "languages": "en,gv", "neighbours": ""}, "IN": {"geonameid": 1269750, "name": "India", "iso": "IN", "iso3": "IND", "isonumeric": 356, "fips": "IN", "continentcode": "AS", "capital": "New Delhi", "areakm2": 3287590, "population": 1173108018, "tld": ".in", "currencycode": "INR", "currencyname": "Rupee", "phone": "91", "postalcoderegex": "^(\\d{6})$", "languages": "en-IN,hi,bn,te,mr,ta,ur,gu,kn,ml,or,pa,as,bh,sat,ks,ne,sd,kok,doi,mni,sit,sa,fr,lus,inc", "neighbours": "CN,NP,MM,BT,PK,BD"}, "IO": {"geonameid": 1282588, "name": "British Indian Ocean Territory", "iso": "IO", "iso3": "IOT", "isonumeric": 86, "fips": "IO", "continentcode": "AS", "capital": "Diego Garcia", "areakm2": 60, "population": 4000, "tld": ".io", "currencycode": "USD", "currencyname": "Dollar", "phone": "246", "postalcoderegex": "", "languages": "en-IO", "neighbours": ""}, "IQ": {"geonameid": 99237, "name": "Iraq", "iso": "IQ", "iso3": "IRQ", "isonumeric": 368, "fips": "IZ", "continentcode": "AS", "capital": "Baghdad", "areakm2": 437072, "population": 29671605, "tld": ".iq", "currencycode": "IQD", "currencyname": "Dinar", "phone": "964", "postalcoderegex": "^(\\d{5})$", "languages": "ar-IQ,ku,hy", "neighbours": "SY,SA,IR,JO,TR,KW"}, "IR": {"geonameid": 130758, "name": "Iran", "iso": "IR", "iso3": "IRN", "isonumeric": 364, "fips": "IR", "continentcode": "AS", "capital": "Tehran", "areakm2": 1648000, "population": 76923300, "tld": ".ir", "currencycode": "IRR", "currencyname": "Rial", "phone": "98", "postalcoderegex": "^(\\d{10})$", "languages": "fa-IR,ku", "neighbours": "TM,AF,IQ,AM,PK,AZ,TR"}, "IS": {"geonameid": 2629691, "name": "Iceland", "iso": "IS", "iso3": "ISL", "isonumeric": 352, "fips": "IC", "continentcode": "EU", "capital": "Reykjavik", "areakm2": 103000, "population": 308910, "tld": ".is", "currencycode": "ISK", "currencyname": "Krona", "phone": "354", "postalcoderegex": "^(\\d{3})$", "languages": "is,en,de,da,sv,no", "neighbours": ""}, "IT": {"geonameid": 3175395, "name": "Italy", "iso": "IT", "iso3": "ITA", "isonumeric": 380, "fips": "IT", "continentcode": "EU", "capital": "Rome", "areakm2": 301230, "population": 60340328, "tld": ".it", "currencycode": "EUR", "currencyname": "Euro", "phone": "39", "postalcoderegex": "^(\\d{5})$", "languages": "it-IT,de-IT,fr-IT,sc,ca,co,sl", "neighbours": "CH,VA,SI,SM,FR,AT"}, "JE": {"geonameid": 3042142, "name": "Jersey", "iso": "JE", "iso3": "JEY", "isonumeric": 832, "fips": "JE", "continentcode": "EU", "capital": "Saint Helier", "areakm2": 116, "population": 90812, "tld": ".je", "currencycode": "GBP", "currencyname": "Pound", "phone": "+44-1534", "postalcoderegex": "^(([A-Z]\\d{2}[A-Z]{2})|([A-Z]\\d{3}[A-Z]{2})|([A-Z]{2}\\d{2}[A-Z]{2})|([A-Z]{2}\\d{3}[A-Z]{2})|([A-Z]\\d[A-Z]\\d[A-Z]{2})|([A-Z]{2}\\d[A-Z]\\d[A-Z]{2})|(GIR0AA))$", "languages": "en,pt", "neighbours": ""}, "JM": {"geonameid": 3489940, "name": "Jamaica", "iso": "JM", "iso3": "JAM", "isonumeric": 388, "fips": "JM", "continentcode": "NA", "capital": "Kingston", "areakm2": 10991, "population": 2847232, "tld": ".jm", "currencycode": "JMD", "currencyname": "Dollar", "phone": "+1-876", "postalcoderegex": "", "languages": "en-JM", "neighbours": ""}, "JO": {"geonameid": 248816, "name": "Jordan", "iso": "JO", "iso3": "JOR", "isonumeric": 400, "fips": "JO", "continentcode": "AS", "capital": "Amman", "areakm2": 92300, "population": 6407085, "tld": ".jo", "currencycode": "JOD", "currencyname": "Dinar", "phone": "962", "postalcoderegex": "^(\\d{5})$", "languages": "ar-JO,en", "neighbours": "SY,SA,IQ,IL,PS"}, "JP": {"geonameid": 1861060, "name": "Japan", "iso": "JP", "iso3": "JPN", "isonumeric": 392, "fips": "JA", "continentcode": "AS", "capital": "Tokyo", "areakm2": 377835, "population": 127288000, "tld": ".jp", "currencycode": "JPY", "currencyname": "Yen", "phone": "81", "postalcoderegex": "^(\\d{7})$", "languages": "ja", "neighbours": ""}, "KE": {"geonameid": 192950, "name": "Kenya", "iso": "KE", "iso3": "KEN", "isonumeric": 404, "fips": "KE", "continentcode": "AF", "capital": "Nairobi", "areakm2": 582650, "population": 40046566, "tld": ".ke", "currencycode": "KES", "currencyname": "Shilling", "phone": "254", "postalcoderegex": "^(\\d{5})$", "languages": "en-KE,sw-KE", "neighbours": "ET,TZ,SS,SO,UG"}, "KG": {"geonameid": 1527747, "name": "Kyrgyzstan", "iso": "KG", "iso3": "KGZ", "isonumeric": 417, "fips": "KG", "continentcode": "AS", "capital": "Bishkek", "areakm2": 198500, "population": 5508626, "tld": ".kg", "currencycode": "KGS", "currencyname": "Som", "phone": "996", "postalcoderegex": "^(\\d{6})$", "languages": "ky,uz,ru", "neighbours": "CN,TJ,UZ,KZ"}, "KH": {"geonameid": 1831722, "name": "Cambodia", "iso": "KH", "iso3": "KHM", "isonumeric": 116, "fips": "CB", "continentcode": "AS", "capital": "Phnom Penh", "areakm2": 181040, "population": 14453680, "tld": ".kh", "currencycode": "KHR", "currencyname": "Riels", "phone": "855", "postalcoderegex": "^(\\d{5})$", "languages": "km,fr,en", "neighbours": "LA,TH,VN"}, "KI": {"geonameid": 4030945, "name": "Kiribati", "iso": "KI", "iso3": "KIR", "isonumeric": 296, "fips": "KR", "continentcode": "OC", "capital": "Tarawa", "areakm2": 811, "population": 92533, "tld": ".ki", "currencycode": "AUD", "currencyname": "Dollar", "phone": "686", "postalcoderegex": "", "languages": "en-KI,gil", "neighbours": ""}, "KM": {"geonameid": 921929, "name": "Comoros", "iso": "KM", "iso3": "COM", "isonumeric": 174, "fips": "CN", "continentcode": "AF", "capital": "Moroni", "areakm2": 2170, "population": 773407, "tld": ".km", "currencycode": "KMF", "currencyname": "Franc", "phone": "269", "postalcoderegex": "", "languages": "ar,fr-KM", "neighbours": ""}, "KN": {"geonameid": 3575174, "name": "Saint Kitts and Nevis", "iso": "KN", "iso3": "KNA", "isonumeric": 659, "fips": "SC", "continentcode": "NA", "capital": "Basseterre", "areakm2": 261, "population": 49898, "tld": ".kn", "currencycode": "XCD", "currencyname": "Dollar", "phone": "+1-869", "postalcoderegex": "", "languages": "en-KN", "neighbours": ""}, "KP": {"geonameid": 1873107, "name": "North Korea", "iso": "KP", "iso3": "PRK", "isonumeric": 408, "fips": "KN", "continentcode": "AS", "capital": "Pyongyang", "areakm2": 120540, "population": 22912177, "tld": ".kp", "currencycode": "KPW", "currencyname": "Won", "phone": "850", "postalcoderegex": "^(\\d{6})$", "languages": "ko-KP", "neighbours": "CN,KR,RU"}, "KR": {"geonameid": 1835841, "name": "South Korea", "iso": "KR", "iso3": "KOR", "isonumeric": 410, "fips": "KS", "continentcode": "AS", "capital": "Seoul", "areakm2": 98480, "population": 48422644, "tld": ".kr", "currencycode": "KRW", "currencyname": "Won", "phone": "82", "postalcoderegex": "^(?:SEOUL)*(\\d{6})$", "languages": "ko-KR,en", "neighbours": "KP"}, "XK": {"geonameid": 831053, "name": "Kosovo", "iso": "XK", "iso3": "XKX", "isonumeric": 0, "fips": "KV", "continentcode": "EU", "capital": "Pristina", "areakm2": 0, "population": 1800000, "tld": "", "currencycode": "EUR", "currencyname": "Euro", "phone": "", "postalcoderegex": "", "languages": "sq,sr", "neighbours": "RS,AL,MK,ME"}, "KW": {"geonameid": 285570, "name": "Kuwait", "iso": "KW", "iso3": "KWT", "isonumeric": 414, "fips": "KU", "continentcode": "AS", "capital": "Kuwait City", "areakm2": 17820, "population": 2789132, "tld": ".kw", "currencycode": "KWD", "currencyname": "Dinar", "phone": "965", "postalcoderegex": "^(\\d{5})$", "languages": "ar-KW,en", "neighbours": "SA,IQ"}, "KY": {"geonameid": 3580718, "name": "Cayman Islands", "iso": "KY", "iso3": "CYM", "isonumeric": 136, "fips": "CJ", "continentcode": "NA", "capital": "George Town", "areakm2": 262, "population": 44270, "tld": ".ky", "currencycode": "KYD", "currencyname": "Dollar", "phone": "+1-345", "postalcoderegex": "", "languages": "en-KY", "neighbours": ""}, "KZ": {"geonameid": 1522867, "name": "Kazakhstan", "iso": "KZ", "iso3": "KAZ", "isonumeric": 398, "fips": "KZ", "continentcode": "AS", "capital": "Astana", "areakm2": 2717300, "population": 15340000, "tld": ".kz", "currencycode": "KZT", "currencyname": "Tenge", "phone": "7", "postalcoderegex": "^(\\d{6})$", "languages": "kk,ru", "neighbours": "TM,CN,KG,UZ,RU"}, "LA": {"geonameid": 1655842, "name": "Laos", "iso": "LA", "iso3": "LAO", "isonumeric": 418, "fips": "LA", "continentcode": "AS", "capital": "Vientiane", "areakm2": 236800, "population": 6368162, "tld": ".la", "currencycode": "LAK", "currencyname": "Kip", "phone": "856", "postalcoderegex": "^(\\d{5})$", "languages": "lo,fr,en", "neighbours": "CN,MM,KH,TH,VN"}, "LB": {"geonameid": 272103, "name": "Lebanon", "iso": "LB", "iso3": "LBN", "isonumeric": 422, "fips": "LE", "continentcode": "AS", "capital": "Beirut", "areakm2": 10400, "population": 4125247, "tld": ".lb", "currencycode": "LBP", "currencyname": "Pound", "phone": "961", "postalcoderegex": "^(\\d{4}(\\d{4})?)$", "languages": "ar-LB,fr-LB,en,hy", "neighbours": "SY,IL"}, "LC": {"geonameid": 3576468, "name": "Saint Lucia", "iso": "LC", "iso3": "LCA", "isonumeric": 662, "fips": "ST", "continentcode": "NA", "capital": "Castries", "areakm2": 616, "population": 160922, "tld": ".lc", "currencycode": "XCD", "currencyname": "Dollar", "phone": "+1-758", "postalcoderegex": "", "languages": "en-LC", "neighbours": ""}, "LI": {"geonameid": 3042058, "name": "Liechtenstein", "iso": "LI", "iso3": "LIE", "isonumeric": 438, "fips": "LS", "continentcode": "EU", "capital": "Vaduz", "areakm2": 160, "population": 35000, "tld": ".li", "currencycode": "CHF", "currencyname": "Franc", "phone": "423", "postalcoderegex": "^(\\d{4})$", "languages": "de-LI", "neighbours": "CH,AT"}, "LK": {"geonameid": 1227603, "name": "Sri Lanka", "iso": "LK", "iso3": "LKA", "isonumeric": 144, "fips": "CE", "continentcode": "AS", "capital": "Colombo", "areakm2": 65610, "population": 21513990, "tld": ".lk", "currencycode": "LKR", "currencyname": "Rupee", "phone": "94", "postalcoderegex": "^(\\d{5})$", "languages": "si,ta,en", "neighbours": ""}, "LR": {"geonameid": 2275384, "name": "Liberia", "iso": "LR", "iso3": "LBR", "isonumeric": 430, "fips": "LI", "continentcode": "AF", "capital": "Monrovia", "areakm2": 111370, "population": 3685076, "tld": ".lr", "currencycode": "LRD", "currencyname": "Dollar", "phone": "231", "postalcoderegex": "^(\\d{4})$", "languages": "en-LR", "neighbours": "SL,CI,GN"}, "LS": {"geonameid": 932692, "name": "Lesotho", "iso": "LS", "iso3": "LSO", "isonumeric": 426, "fips": "LT", "continentcode": "AF", "capital": "Maseru", "areakm2": 30355, "population": 1919552, "tld": ".ls", "currencycode": "LSL", "currencyname": "Loti", "phone": "266", "postalcoderegex": "^(\\d{3})$", "languages": "en-LS,st,zu,xh", "neighbours": "ZA"}, "LT": {"geonameid": 597427, "name": "Lithuania", "iso": "LT", "iso3": "LTU", "isonumeric": 440, "fips": "LH", "continentcode": "EU", "capital": "Vilnius", "areakm2": 65200, "population": 3565000, "tld": ".lt", "currencycode": "LTL", "currencyname": "Litas", "phone": "370", "postalcoderegex": "^(?:LT)*(\\d{5})$", "languages": "lt,ru,pl", "neighbours": "PL,BY,RU,LV"}, "LU": {"geonameid": 2960313, "name": "Luxembourg", "iso": "LU", "iso3": "LUX", "isonumeric": 442, "fips": "LU", "continentcode": "EU", "capital": "Luxembourg", "areakm2": 2586, "population": 497538, "tld": ".lu", "currencycode": "EUR", "currencyname": "Euro", "phone": "352", "postalcoderegex": "^(\\d{4})$", "languages": "lb,de-LU,fr-LU", "neighbours": "DE,BE,FR"}, "LV": {"geonameid": 458258, "name": "Latvia", "iso": "LV", "iso3": "LVA", "isonumeric": 428, "fips": "LG", "continentcode": "EU", "capital": "Riga", "areakm2": 64589, "population": 2217969, "tld": ".lv", "currencycode": "LVL", "currencyname": "Lat", "phone": "371", "postalcoderegex": "^(?:LV)*(\\d{4})$", "languages": "lv,ru,lt", "neighbours": "LT,EE,BY,RU"}, "LY": {"geonameid": 2215636, "name": "Libya", "iso": "LY", "iso3": "LBY", "isonumeric": 434, "fips": "LY", "continentcode": "AF", "capital": "Tripolis", "areakm2": 1759540, "population": 6461454, "tld": ".ly", "currencycode": "LYD", "currencyname": "Dinar", "phone": "218", "postalcoderegex": "", "languages": "ar-LY,it,en", "neighbours": "TD,NE,DZ,SD,TN,EG"}, "MA": {"geonameid": 2542007, "name": "Morocco", "iso": "MA", "iso3": "MAR", "isonumeric": 504, "fips": "MO", "continentcode": "AF", "capital": "Rabat", "areakm2": 446550, "population": 31627428, "tld": ".ma", "currencycode": "MAD", "currencyname": "Dirham", "phone": "212", "postalcoderegex": "^(\\d{5})$", "languages": "ar-MA,fr", "neighbours": "DZ,EH,ES"}, "MC": {"geonameid": 2993457, "name": "Monaco", "iso": "MC", "iso3": "MCO", "isonumeric": 492, "fips": "MN", "continentcode": "EU", "capital": "Monaco", "areakm2": 1, "population": 32965, "tld": ".mc", "currencycode": "EUR", "currencyname": "Euro", "phone": "377", "postalcoderegex": "^(\\d{5})$", "languages": "fr-MC,en,it", "neighbours": "FR"}, "MD": {"geonameid": 617790, "name": "Moldova", "iso": "MD", "iso3": "MDA", "isonumeric": 498, "fips": "MD", "continentcode": "EU", "capital": "Chisinau", "areakm2": 33843, "population": 4324000, "tld": ".md", "currencycode": "MDL", "currencyname": "Leu", "phone": "373", "postalcoderegex": "^(?:MD)*(\\d{4})$", "languages": "ro,ru,gag,tr", "neighbours": "RO,UA"}, "ME": {"geonameid": 3194884, "name": "Montenegro", "iso": "ME", "iso3": "MNE", "isonumeric": 499, "fips": "MJ", "continentcode": "EU", "capital": "Podgorica", "areakm2": 14026, "population": 666730, "tld": ".me", "currencycode": "EUR", "currencyname": "Euro", "phone": "382", "postalcoderegex": "^(\\d{5})$", "languages": "sr,hu,bs,sq,hr,rom", "neighbours": "AL,HR,BA,RS,XK"}, "MF": {"geonameid": 3578421, "name": "Saint Martin", "iso": "MF", "iso3": "MAF", "isonumeric": 663, "fips": "RN", "continentcode": "NA", "capital": "Marigot", "areakm2": 53, "population": 35925, "tld": ".gp", "currencycode": "EUR", "currencyname": "Euro", "phone": "590", "postalcoderegex": "", "languages": "fr", "neighbours": "SX"}, "MG": {"geonameid": 1062947, "name": "Madagascar", "iso": "MG", "iso3": "MDG", "isonumeric": 450, "fips": "MA", "continentcode": "AF", "capital": "Antananarivo", "areakm2": 587040, "population": 21281844, "tld": ".mg", "currencycode": "MGA", "currencyname": "Ariary", "phone": "261", "postalcoderegex": "^(\\d{3})$", "languages": "fr-MG,mg", "neighbours": ""}, "MH": {"geonameid": 2080185, "name": "Marshall Islands", "iso": "MH", "iso3": "MHL", "isonumeric": 584, "fips": "RM", "continentcode": "OC", "capital": "Majuro", "areakm2": 181, "population": 65859, "tld": ".mh", "currencycode": "USD", "currencyname": "Dollar", "phone": "692", "postalcoderegex": "", "languages": "mh,en-MH", "neighbours": ""}, "MK": {"geonameid": 718075, "name": "Macedonia", "iso": "MK", "iso3": "MKD", "isonumeric": 807, "fips": "MK", "continentcode": "EU", "capital": "Skopje", "areakm2": 25333, "population": 2061000, "tld": ".mk", "currencycode": "MKD", "currencyname": "Denar", "phone": "389", "postalcoderegex": "^(\\d{4})$", "languages": "mk,sq,tr,rmm,sr", "neighbours": "AL,GR,CS,BG,RS,XK"}, "ML": {"geonameid": 2453866, "name": "Mali", "iso": "ML", "iso3": "MLI", "isonumeric": 466, "fips": "ML", "continentcode": "AF", "capital": "Bamako", "areakm2": 1240000, "population": 13796354, "tld": ".ml", "currencycode": "XOF", "currencyname": "Franc", "phone": "223", "postalcoderegex": "", "languages": "fr-ML,bm", "neighbours": "SN,NE,DZ,CI,GN,MR,BF"}, "MM": {"geonameid": 1327865, "name": "Myanmar", "iso": "MM", "iso3": "MMR", "isonumeric": 104, "fips": "BM", "continentcode": "AS", "capital": "Nay Pyi Taw", "areakm2": 678500, "population": 53414374, "tld": ".mm", "currencycode": "MMK", "currencyname": "Kyat", "phone": "95", "postalcoderegex": "^(\\d{5})$", "languages": "my", "neighbours": "CN,LA,TH,BD,IN"}, "MN": {"geonameid": 2029969, "name": "Mongolia", "iso": "MN", "iso3": "MNG", "isonumeric": 496, "fips": "MG", "continentcode": "AS", "capital": "Ulan Bator", "areakm2": 1565000, "population": 3086918, "tld": ".mn", "currencycode": "MNT", "currencyname": "Tugrik", "phone": "976", "postalcoderegex": "^(\\d{6})$", "languages": "mn,ru", "neighbours": "CN,RU"}, "MO": {"geonameid": 1821275, "name": "Macao", "iso": "MO", "iso3": "MAC", "isonumeric": 446, "fips": "MC", "continentcode": "AS", "capital": "Macao", "areakm2": 254, "population": 449198, "tld": ".mo", "currencycode": "MOP", "currencyname": "Pataca", "phone": "853", "postalcoderegex": "", "languages": "zh,zh-MO,pt", "neighbours": ""}, "MP": {"geonameid": 4041468, "name": "Northern Mariana Islands", "iso": "MP", "iso3": "MNP", "isonumeric": 580, "fips": "CQ", "continentcode": "OC", "capital": "Saipan", "areakm2": 477, "population": 53883, "tld": ".mp", "currencycode": "USD", "currencyname": "Dollar", "phone": "+1-670", "postalcoderegex": "", "languages": "fil,tl,zh,ch-MP,en-MP", "neighbours": ""}, "MQ": {"geonameid": 3570311, "name": "Martinique", "iso": "MQ", "iso3": "MTQ", "isonumeric": 474, "fips": "MB", "continentcode": "NA", "capital": "Fort-de-France", "areakm2": 1100, "population": 432900, "tld": ".mq", "currencycode": "EUR", "currencyname": "Euro", "phone": "596", "postalcoderegex": "^(\\d{5})$", "languages": "fr-MQ", "neighbours": ""}, "MR": {"geonameid": 2378080, "name": "Mauritania", "iso": "MR", "iso3": "MRT", "isonumeric": 478, "fips": "MR", "continentcode": "AF", "capital": "Nouakchott", "areakm2": 1030700, "population": 3205060, "tld": ".mr", "currencycode": "MRO", "currencyname": "Ouguiya", "phone": "222", "postalcoderegex": "", "languages": "ar-MR,fuc,snk,fr,mey,wo", "neighbours": "SN,DZ,EH,ML"}, "MS": {"geonameid": 3578097, "name": "Montserrat", "iso": "MS", "iso3": "MSR", "isonumeric": 500, "fips": "MH", "continentcode": "NA", "capital": "Plymouth", "areakm2": 102, "population": 9341, "tld": ".ms", "currencycode": "XCD", "currencyname": "Dollar", "phone": "+1-664", "postalcoderegex": "", "languages": "en-MS", "neighbours": ""}, "MT": {"geonameid": 2562770, "name": "Malta", "iso": "MT", "iso3": "MLT", "isonumeric": 470, "fips": "MT", "continentcode": "EU", "capital": "Valletta", "areakm2": 316, "population": 403000, "tld": ".mt", "currencycode": "EUR", "currencyname": "Euro", "phone": "356", "postalcoderegex": "^([A-Z]{3}\\d{2}\\d?)$", "languages": "mt,en-MT", "neighbours": ""}, "MU": {"geonameid": 934292, "name": "Mauritius", "iso": "MU", "iso3": "MUS", "isonumeric": 480, "fips": "MP", "continentcode": "AF", "capital": "Port Louis", "areakm2": 2040, "population": 1294104, "tld": ".mu", "currencycode": "MUR", "currencyname": "Rupee", "phone": "230", "postalcoderegex": "", "languages": "en-MU,bho,fr", "neighbours": ""}, "MV": {"geonameid": 1282028, "name": "Maldives", "iso": "MV", "iso3": "MDV", "isonumeric": 462, "fips": "MV", "continentcode": "AS", "capital": "Male", "areakm2": 300, "population": 395650, "tld": ".mv", "currencycode": "MVR", "currencyname": "Rufiyaa", "phone": "960", "postalcoderegex": "^(\\d{5})$", "languages": "dv,en", "neighbours": ""}, "MW": {"geonameid": 927384, "name": "Malawi", "iso": "MW", "iso3": "MWI", "isonumeric": 454, "fips": "MI", "continentcode": "AF", "capital": "Lilongwe", "areakm2": 118480, "population": 15447500, "tld": ".mw", "currencycode": "MWK", "currencyname": "Kwacha", "phone": "265", "postalcoderegex": "", "languages": "ny,yao,tum,swk", "neighbours": "TZ,MZ,ZM"}, "MX": {"geonameid": 3996063, "name": "Mexico", "iso": "MX", "iso3": "MEX", "isonumeric": 484, "fips": "MX", "continentcode": "NA", "capital": "Mexico City", "areakm2": 1972550, "population": 112468855, "tld": ".mx", "currencycode": "MXN", "currencyname": "Peso", "phone": "52", "postalcoderegex": "^(\\d{5})$", "languages": "es-MX", "neighbours": "GT,US,BZ"}, "MY": {"geonameid": 1733045, "name": "Malaysia", "iso": "MY", "iso3": "MYS", "isonumeric": 458, "fips": "MY", "continentcode": "AS", "capital": "Kuala Lumpur", "areakm2": 329750, "population": 28274729, "tld": ".my", "currencycode": "MYR", "currencyname": "Ringgit", "phone": "60", "postalcoderegex": "^(\\d{5})$", "languages": "ms-MY,en,zh,ta,te,ml,pa,th", "neighbours": "BN,TH,ID"}, "MZ": {"geonameid": 1036973, "name": "Mozambique", "iso": "MZ", "iso3": "MOZ", "isonumeric": 508, "fips": "MZ", "continentcode": "AF", "capital": "Maputo", "areakm2": 801590, "population": 22061451, "tld": ".mz", "currencycode": "MZN", "currencyname": "Metical", "phone": "258", "postalcoderegex": "^(\\d{4})$", "languages": "pt-MZ,vmw", "neighbours": "ZW,TZ,SZ,ZA,ZM,MW"}, "NA": {"geonameid": 3355338, "name": "Namibia", "iso": "NA", "iso3": "NAM", "isonumeric": 516, "fips": "WA", "continentcode": "AF", "capital": "Windhoek", "areakm2": 825418, "population": 2128471, "tld": ".na", "currencycode": "NAD", "currencyname": "Dollar", "phone": "264", "postalcoderegex": "", "languages": "en-NA,af,de,hz,naq", "neighbours": "ZA,BW,ZM,AO"}, "NC": {"geonameid": 2139685, "name": "New Caledonia", "iso": "NC", "iso3": "NCL", "isonumeric": 540, "fips": "NC", "continentcode": "OC", "capital": "Noumea", "areakm2": 19060, "population": 216494, "tld": ".nc", "currencycode": "XPF", "currencyname": "Franc", "phone": "687", "postalcoderegex": "^(\\d{5})$", "languages": "fr-NC", "neighbours": ""}, "NE": {"geonameid": 2440476, "name": "Niger", "iso": "NE", "iso3": "NER", "isonumeric": 562, "fips": "NG", "continentcode": "AF", "capital": "Niamey", "areakm2": 1267000, "population": 15878271, "tld": ".ne", "currencycode": "XOF", "currencyname": "Franc", "phone": "227", "postalcoderegex": "^(\\d{4})$", "languages": "fr-NE,ha,kr,dje", "neighbours": "TD,BJ,DZ,LY,BF,NG,ML"}, "NF": {"geonameid": 2155115, "name": "Norfolk Island", "iso": "NF", "iso3": "NFK", "isonumeric": 574, "fips": "NF", "continentcode": "OC", "capital": "Kingston", "areakm2": 34, "population": 1828, "tld": ".nf", "currencycode": "AUD", "currencyname": "Dollar", "phone": "672", "postalcoderegex": "", "languages": "en-NF", "neighbours": ""}, "NG": {"geonameid": 2328926, "name": "Nigeria", "iso": "NG", "iso3": "NGA", "isonumeric": 566, "fips": "NI", "continentcode": "AF", "capital": "Abuja", "areakm2": 923768, "population": 154000000, "tld": ".ng", "currencycode": "NGN", "currencyname": "Naira", "phone": "234", "postalcoderegex": "^(\\d{6})$", "languages": "en-NG,ha,yo,ig,ff", "neighbours": "TD,NE,BJ,CM"}, "NI": {"geonameid": 3617476, "name": "Nicaragua", "iso": "NI", "iso3": "NIC", "isonumeric": 558, "fips": "NU", "continentcode": "NA", "capital": "Managua", "areakm2": 129494, "population": 5995928, "tld": ".ni", "currencycode": "NIO", "currencyname": "Cordoba", "phone": "505", "postalcoderegex": "^(\\d{7})$", "languages": "es-NI,en", "neighbours": "CR,HN"}, "NL": {"geonameid": 2750405, "name": "Netherlands", "iso": "NL", "iso3": "NLD", "isonumeric": 528, "fips": "NL", "continentcode": "EU", "capital": "Amsterdam", "areakm2": 41526, "population": 16645000, "tld": ".nl", "currencycode": "EUR", "currencyname": "Euro", "phone": "31", "postalcoderegex": "^(\\d{4}[A-Z]{2})$", "languages": "nl-NL,fy-NL", "neighbours": "DE,BE"}, "NO": {"geonameid": 3144096, "name": "Norway", "iso": "NO", "iso3": "NOR", "isonumeric": 578, "fips": "NO", "continentcode": "EU", "capital": "Oslo", "areakm2": 324220, "population": 5009150, "tld": ".no", "currencycode": "NOK", "currencyname": "Krone", "phone": "47", "postalcoderegex": "^(\\d{4})$", "languages": "no,nb,nn,se,fi", "neighbours": "FI,RU,SE"}, "NP": {"geonameid": 1282988, "name": "Nepal", "iso": "NP", "iso3": "NPL", "isonumeric": 524, "fips": "NP", "continentcode": "AS", "capital": "Kathmandu", "areakm2": 140800, "population": 28951852, "tld": ".np", "currencycode": "NPR", "currencyname": "Rupee", "phone": "977", "postalcoderegex": "^(\\d{5})$", "languages": "ne,en", "neighbours": "CN,IN"}, "NR": {"geonameid": 2110425, "name": "Nauru", "iso": "NR", "iso3": "NRU", "isonumeric": 520, "fips": "NR", "continentcode": "OC", "capital": "Yaren", "areakm2": 21, "population": 10065, "tld": ".nr", "currencycode": "AUD", "currencyname": "Dollar", "phone": "674", "postalcoderegex": "", "languages": "na,en-NR", "neighbours": ""}, "NU": {"geonameid": 4036232, "name": "Niue", "iso": "NU", "iso3": "NIU", "isonumeric": 570, "fips": "NE", "continentcode": "OC", "capital": "Alofi", "areakm2": 260, "population": 2166, "tld": ".nu", "currencycode": "NZD", "currencyname": "Dollar", "phone": "683", "postalcoderegex": "", "languages": "niu,en-NU", "neighbours": ""}, "NZ": {"geonameid": 2186224, "name": "New Zealand", "iso": "NZ", "iso3": "NZL", "isonumeric": 554, "fips": "NZ", "continentcode": "OC", "capital": "Wellington", "areakm2": 268680, "population": 4252277, "tld": ".nz", "currencycode": "NZD", "currencyname": "Dollar", "phone": "64", "postalcoderegex": "^(\\d{4})$", "languages": "en-NZ,mi", "neighbours": ""}, "OM": {"geonameid": 286963, "name": "Oman", "iso": "OM", "iso3": "OMN", "isonumeric": 512, "fips": "MU", "continentcode": "AS", "capital": "Muscat", "areakm2": 212460, "population": 2967717, "tld": ".om", "currencycode": "OMR", "currencyname": "Rial", "phone": "968", "postalcoderegex": "^(\\d{3})$", "languages": "ar-OM,en,bal,ur", "neighbours": "SA,YE,AE"}, "PA": {"geonameid": 3703430, "name": "Panama", "iso": "PA", "iso3": "PAN", "isonumeric": 591, "fips": "PM", "continentcode": "NA", "capital": "Panama City", "areakm2": 78200, "population": 3410676, "tld": ".pa", "currencycode": "PAB", "currencyname": "Balboa", "phone": "507", "postalcoderegex": "", "languages": "es-PA,en", "neighbours": "CR,CO"}, "PE": {"geonameid": 3932488, "name": "Peru", "iso": "PE", "iso3": "PER", "isonumeric": 604, "fips": "PE", "continentcode": "SA", "capital": "Lima", "areakm2": 1285220, "population": 29907003, "tld": ".pe", "currencycode": "PEN", "currencyname": "Sol", "phone": "51", "postalcoderegex": "", "languages": "es-PE,qu,ay", "neighbours": "EC,CL,BO,BR,CO"}, "PF": {"geonameid": 4030656, "name": "French Polynesia", "iso": "PF", "iso3": "PYF", "isonumeric": 258, "fips": "FP", "continentcode": "OC", "capital": "Papeete", "areakm2": 4167, "population": 270485, "tld": ".pf", "currencycode": "XPF", "currencyname": "Franc", "phone": "689", "postalcoderegex": "^((97|98)7\\d{2})$", "languages": "fr-PF,ty", "neighbours": ""}, "PG": {"geonameid": 2088628, "name": "Papua New Guinea", "iso": "PG", "iso3": "PNG", "isonumeric": 598, "fips": "PP", "continentcode": "OC", "capital": "Port Moresby", "areakm2": 462840, "population": 6064515, "tld": ".pg", "currencycode": "PGK", "currencyname": "Kina", "phone": "675", "postalcoderegex": "^(\\d{3})$", "languages": "en-PG,ho,meu,tpi", "neighbours": "ID"}, "PH": {"geonameid": 1694008, "name": "Philippines", "iso": "PH", "iso3": "PHL", "isonumeric": 608, "fips": "RP", "continentcode": "AS", "capital": "Manila", "areakm2": 300000, "population": 99900177, "tld": ".ph", "currencycode": "PHP", "currencyname": "Peso", "phone": "63", "postalcoderegex": "^(\\d{4})$", "languages": "tl,en-PH,fil", "neighbours": ""}, "PK": {"geonameid": 1168579, "name": "Pakistan", "iso": "PK", "iso3": "PAK", "isonumeric": 586, "fips": "PK", "continentcode": "AS", "capital": "Islamabad", "areakm2": 803940, "population": 184404791, "tld": ".pk", "currencycode": "PKR", "currencyname": "Rupee", "phone": "92", "postalcoderegex": "^(\\d{5})$", "languages": "ur-PK,en-PK,pa,sd,ps,brh", "neighbours": "CN,AF,IR,IN"}, "PL": {"geonameid": 798544, "name": "Poland", "iso": "PL", "iso3": "POL", "isonumeric": 616, "fips": "PL", "continentcode": "EU", "capital": "Warsaw", "areakm2": 312685, "population": 38500000, "tld": ".pl", "currencycode": "PLN", "currencyname": "Zloty", "phone": "48", "postalcoderegex": "^(\\d{5})$", "languages": "pl", "neighbours": "DE,LT,SK,CZ,BY,UA,RU"}, "PM": {"geonameid": 3424932, "name": "Saint Pierre and Miquelon", "iso": "PM", "iso3": "SPM", "isonumeric": 666, "fips": "SB", "continentcode": "NA", "capital": "Saint-Pierre", "areakm2": 242, "population": 7012, "tld": ".pm", "currencycode": "EUR", "currencyname": "Euro", "phone": "508", "postalcoderegex": "^(97500)$", "languages": "fr-PM", "neighbours": ""}, "PN": {"geonameid": 4030699, "name": "Pitcairn", "iso": "PN", "iso3": "PCN", "isonumeric": 612, "fips": "PC", "continentcode": "OC", "capital": "Adamstown", "areakm2": 47, "population": 46, "tld": ".pn", "currencycode": "NZD", "currencyname": "Dollar", "phone": "870", "postalcoderegex": "", "languages": "en-PN", "neighbours": ""}, "PR": {"geonameid": 4566966, "name": "Puerto Rico", "iso": "PR", "iso3": "PRI", "isonumeric": 630, "fips": "RQ", "continentcode": "NA", "capital": "San Juan", "areakm2": 9104, "population": 3916632, "tld": ".pr", "currencycode": "USD", "currencyname": "Dollar", "phone": "+1-787 and 1-939", "postalcoderegex": "^(\\d{9})$", "languages": "en-PR,es-PR", "neighbours": ""}, "PS": {"geonameid": 6254930, "name": "Palestinian Territory", "iso": "PS", "iso3": "PSE", "isonumeric": 275, "fips": "WE", "continentcode": "AS", "capital": "East Jerusalem", "areakm2": 5970, "population": 3800000, "tld": ".ps", "currencycode": "ILS", "currencyname": "Shekel", "phone": "970", "postalcoderegex": "", "languages": "ar-PS", "neighbours": "JO,IL"}, "PT": {"geonameid": 2264397, "name": "Portugal", "iso": "PT", "iso3": "PRT", "isonumeric": 620, "fips": "PO", "continentcode": "EU", "capital": "Lisbon", "areakm2": 92391, "population": 10676000, "tld": ".pt", "currencycode": "EUR", "currencyname": "Euro", "phone": "351", "postalcoderegex": "^(\\d{7})$", "languages": "pt-PT,mwl", "neighbours": "ES"}, "PW": {"geonameid": 1559582, "name": "Palau", "iso": "PW", "iso3": "PLW", "isonumeric": 585, "fips": "PS", "continentcode": "OC", "capital": "Melekeok", "areakm2": 458, "population": 19907, "tld": ".pw", "currencycode": "USD", "currencyname": "Dollar", "phone": "680", "postalcoderegex": "^(96940)$", "languages": "pau,sov,en-PW,tox,ja,fil,zh", "neighbours": ""}, "PY": {"geonameid": 3437598, "name": "Paraguay", "iso": "PY", "iso3": "PRY", "isonumeric": 600, "fips": "PA", "continentcode": "SA", "capital": "Asuncion", "areakm2": 406750, "population": 6375830, "tld": ".py", "currencycode": "PYG", "currencyname": "Guarani", "phone": "595", "postalcoderegex": "^(\\d{4})$", "languages": "es-PY,gn", "neighbours": "BO,BR,AR"}, "QA": {"geonameid": 289688, "name": "Qatar", "iso": "QA", "iso3": "QAT", "isonumeric": 634, "fips": "QA", "continentcode": "AS", "capital": "Doha", "areakm2": 11437, "population": 840926, "tld": ".qa", "currencycode": "QAR", "currencyname": "Rial", "phone": "974", "postalcoderegex": "", "languages": "ar-QA,es", "neighbours": "SA"}, "RE": {"geonameid": 935317, "name": "Reunion", "iso": "RE", "iso3": "REU", "isonumeric": 638, "fips": "RE", "continentcode": "AF", "capital": "Saint-Denis", "areakm2": 2517, "population": 776948, "tld": ".re", "currencycode": "EUR", "currencyname": "Euro", "phone": "262", "postalcoderegex": "^((97|98)(4|7|8)\\d{2})$", "languages": "fr-RE", "neighbours": ""}, "RO": {"geonameid": 798549, "name": "Romania", "iso": "RO", "iso3": "ROU", "isonumeric": 642, "fips": "RO", "continentcode": "EU", "capital": "Bucharest", "areakm2": 237500, "population": 21959278, "tld": ".ro", "currencycode": "RON", "currencyname": "Leu", "phone": "40", "postalcoderegex": "^(\\d{6})$", "languages": "ro,hu,rom", "neighbours": "MD,HU,UA,CS,BG,RS"}, "RS": {"geonameid": 6290252, "name": "Serbia", "iso": "RS", "iso3": "SRB", "isonumeric": 688, "fips": "RI", "continentcode": "EU", "capital": "Belgrade", "areakm2": 88361, "population": 7344847, "tld": ".rs", "currencycode": "RSD", "currencyname": "Dinar", "phone": "381", "postalcoderegex": "^(\\d{6})$", "languages": "sr,hu,bs,rom", "neighbours": "AL,HU,MK,RO,HR,BA,BG,ME,XK"}, "RU": {"geonameid": 2017370, "name": "Russia", "iso": "RU", "iso3": "RUS", "isonumeric": 643, "fips": "RS", "continentcode": "EU", "capital": "Moscow", "areakm2": 17100000, "population": 140702000, "tld": ".ru", "currencycode": "RUB", "currencyname": "Ruble", "phone": "7", "postalcoderegex": "^(\\d{6})$", "languages": "ru,tt,xal,cau,ady,kv,ce,tyv,cv,udm,tut,mns,bua,myv,mdf,chm,ba,inh,tut,kbd,krc,ava,sah,nog", "neighbours": "GE,CN,BY,UA,KZ,LV,PL,EE,LT,FI,MN,NO,AZ,KP"}, "RW": {"geonameid": 49518, "name": "Rwanda", "iso": "RW", "iso3": "RWA", "isonumeric": 646, "fips": "RW", "continentcode": "AF", "capital": "Kigali", "areakm2": 26338, "population": 11055976, "tld": ".rw", "currencycode": "RWF", "currencyname": "Franc", "phone": "250", "postalcoderegex": "", "languages": "rw,en-RW,fr-RW,sw", "neighbours": "TZ,CD,BI,UG"}, "SA": {"geonameid": 102358, "name": "Saudi Arabia", "iso": "SA", "iso3": "SAU", "isonumeric": 682, "fips": "SA", "continentcode": "AS", "capital": "Riyadh", "areakm2": 1960582, "population": 25731776, "tld": ".sa", "currencycode": "SAR", "currencyname": "Rial", "phone": "966", "postalcoderegex": "^(\\d{5})$", "languages": "ar-SA", "neighbours": "QA,OM,IQ,YE,JO,AE,KW"}, "SB": {"geonameid": 2103350, "name": "Solomon Islands", "iso": "SB", "iso3": "SLB", "isonumeric": 90, "fips": "BP", "continentcode": "OC", "capital": "Honiara", "areakm2": 28450, "population": 559198, "tld": ".sb", "currencycode": "SBD", "currencyname": "Dollar", "phone": "677", "postalcoderegex": "", "languages": "en-SB,tpi", "neighbours": ""}, "SC": {"geonameid": 241170, "name": "Seychelles", "iso": "SC", "iso3": "SYC", "isonumeric": 690, "fips": "SE", "continentcode": "AF", "capital": "Victoria", "areakm2": 455, "population": 88340, "tld": ".sc", "currencycode": "SCR", "currencyname": "Rupee", "phone": "248", "postalcoderegex": "", "languages": "en-SC,fr-SC", "neighbours": ""}, "SD": {"geonameid": 366755, "name": "Sudan", "iso": "SD", "iso3": "SDN", "isonumeric": 729, "fips": "SU", "continentcode": "AF", "capital": "Khartoum", "areakm2": 1861484, "population": 35000000, "tld": ".sd", "currencycode": "SDG", "currencyname": "Pound", "phone": "249", "postalcoderegex": "^(\\d{5})$", "languages": "ar-SD,en,fia", "neighbours": "SS,TD,EG,ET,ER,LY,CF"}, "SS": {"geonameid": 7909807, "name": "South Sudan", "iso": "SS", "iso3": "SSD", "isonumeric": 728, "fips": "OD", "continentcode": "AF", "capital": "Juba", "areakm2": 644329, "population": 8260490, "tld": "", "currencycode": "SSP", "currencyname": "Pound", "phone": "211", "postalcoderegex": "", "languages": "en", "neighbours": "CD,CF,ET,KE,SD,UG,"}, "SE": {"geonameid": 2661886, "name": "Sweden", "iso": "SE", "iso3": "SWE", "isonumeric": 752, "fips": "SW", "continentcode": "EU", "capital": "Stockholm", "areakm2": 449964, "population": 9555893, "tld": ".se", "currencycode": "SEK", "currencyname": "Krona", "phone": "46", "postalcoderegex": "^(?:SE)*(\\d{5})$", "languages": "sv-SE,se,sma,fi-SE", "neighbours": "NO,FI"}, "SG": {"geonameid": 1880251, "name": "Singapore", "iso": "SG", "iso3": "SGP", "isonumeric": 702, "fips": "SN", "continentcode": "AS", "capital": "Singapur", "areakm2": 692, "population": 4701069, "tld": ".sg", "currencycode": "SGD", "currencyname": "Dollar", "phone": "65", "postalcoderegex": "^(\\d{6})$", "languages": "cmn,en-SG,ms-SG,ta-SG,zh-SG", "neighbours": ""}, "SH": {"geonameid": 3370751, "name": "Saint Helena", "iso": "SH", "iso3": "SHN", "isonumeric": 654, "fips": "SH", "continentcode": "AF", "capital": "Jamestown", "areakm2": 410, "population": 7460, "tld": ".sh", "currencycode": "SHP", "currencyname": "Pound", "phone": "290", "postalcoderegex": "^(STHL1ZZ)$", "languages": "en-SH", "neighbours": ""}, "SI": {"geonameid": 3190538, "name": "Slovenia", "iso": "SI", "iso3": "SVN", "isonumeric": 705, "fips": "SI", "continentcode": "EU", "capital": "Ljubljana", "areakm2": 20273, "population": 2007000, "tld": ".si", "currencycode": "EUR", "currencyname": "Euro", "phone": "386", "postalcoderegex": "^(?:SI)*(\\d{4})$", "languages": "sl,sh", "neighbours": "HU,IT,HR,AT"}, "SJ": {"geonameid": 607072, "name": "Svalbard and Jan Mayen", "iso": "SJ", "iso3": "SJM", "isonumeric": 744, "fips": "SV", "continentcode": "EU", "capital": "Longyearbyen", "areakm2": 62049, "population": 2550, "tld": ".sj", "currencycode": "NOK", "currencyname": "Krone", "phone": "47", "postalcoderegex": "", "languages": "no,ru", "neighbours": ""}, "SK": {"geonameid": 3057568, "name": "Slovakia", "iso": "SK", "iso3": "SVK", "isonumeric": 703, "fips": "LO", "continentcode": "EU", "capital": "Bratislava", "areakm2": 48845, "population": 5455000, "tld": ".sk", "currencycode": "EUR", "currencyname": "Euro", "phone": "421", "postalcoderegex": "^(\\d{5})$", "languages": "sk,hu", "neighbours": "PL,HU,CZ,UA,AT"}, "SL": {"geonameid": 2403846, "name": "Sierra Leone", "iso": "SL", "iso3": "SLE", "isonumeric": 694, "fips": "SL", "continentcode": "AF", "capital": "Freetown", "areakm2": 71740, "population": 5245695, "tld": ".sl", "currencycode": "SLL", "currencyname": "Leone", "phone": "232", "postalcoderegex": "", "languages": "en-SL,men,tem", "neighbours": "LR,GN"}, "SM": {"geonameid": 3168068, "name": "San Marino", "iso": "SM", "iso3": "SMR", "isonumeric": 674, "fips": "SM", "continentcode": "EU", "capital": "San Marino", "areakm2": 61, "population": 31477, "tld": ".sm", "currencycode": "EUR", "currencyname": "Euro", "phone": "378", "postalcoderegex": "^(4789\\d)$", "languages": "it-SM", "neighbours": "IT"}, "SN": {"geonameid": 2245662, "name": "Senegal", "iso": "SN", "iso3": "SEN", "isonumeric": 686, "fips": "SG", "continentcode": "AF", "capital": "Dakar", "areakm2": 196190, "population": 12323252, "tld": ".sn", "currencycode": "XOF", "currencyname": "Franc", "phone": "221", "postalcoderegex": "^(\\d{5})$", "languages": "fr-SN,wo,fuc,mnk", "neighbours": "GN,MR,GW,GM,ML"}, "SO": {"geonameid": 51537, "name": "Somalia", "iso": "SO", "iso3": "SOM", "isonumeric": 706, "fips": "SO", "continentcode": "AF", "capital": "Mogadishu", "areakm2": 637657, "population": 10112453, "tld": ".so", "currencycode": "SOS", "currencyname": "Shilling", "phone": "252", "postalcoderegex": "^([A-Z]{2}\\d{5})$", "languages": "so-SO,ar-SO,it,en-SO", "neighbours": "ET,KE,DJ"}, "SR": {"geonameid": 3382998, "name": "Suriname", "iso": "SR", "iso3": "SUR", "isonumeric": 740, "fips": "NS", "continentcode": "SA", "capital": "Paramaribo", "areakm2": 163270, "population": 492829, "tld": ".sr", "currencycode": "SRD", "currencyname": "Dollar", "phone": "597", "postalcoderegex": "", "languages": "nl-SR,en,srn,hns,jv", "neighbours": "GY,BR,GF"}, "ST": {"geonameid": 2410758, "name": "Sao Tome and Principe", "iso": "ST", "iso3": "STP", "isonumeric": 678, "fips": "TP", "continentcode": "AF", "capital": "Sao Tome", "areakm2": 1001, "population": 175808, "tld": ".st", "currencycode": "STD", "currencyname": "Dobra", "phone": "239", "postalcoderegex": "", "languages": "pt-ST", "neighbours": ""}, "SV": {"geonameid": 3585968, "name": "El Salvador", "iso": "SV", "iso3": "SLV", "isonumeric": 222, "fips": "ES", "continentcode": "NA", "capital": "San Salvador", "areakm2": 21040, "population": 6052064, "tld": ".sv", "currencycode": "USD", "currencyname": "Dollar", "phone": "503", "postalcoderegex": "^(?:CP)*(\\d{4})$", "languages": "es-SV", "neighbours": "GT,HN"}, "SX": {"geonameid": 7609695, "name": "Sint Maarten", "iso": "SX", "iso3": "SXM", "isonumeric": 534, "fips": "NN", "continentcode": "NA", "capital": "Philipsburg", "areakm2": 0, "population": 37429, "tld": ".sx", "currencycode": "ANG", "currencyname": "Guilder", "phone": "599", "postalcoderegex": "", "languages": "nl,en", "neighbours": "MF"}, "SY": {"geonameid": 163843, "name": "Syria", "iso": "SY", "iso3": "SYR", "isonumeric": 760, "fips": "SY", "continentcode": "AS", "capital": "Damascus", "areakm2": 185180, "population": 22198110, "tld": ".sy", "currencycode": "SYP", "currencyname": "Pound", "phone": "963", "postalcoderegex": "", "languages": "ar-SY,ku,hy,arc,fr,en", "neighbours": "IQ,JO,IL,TR,LB"}, "SZ": {"geonameid": 934841, "name": "Swaziland", "iso": "SZ", "iso3": "SWZ", "isonumeric": 748, "fips": "WZ", "continentcode": "AF", "capital": "Mbabane", "areakm2": 17363, "population": 1354051, "tld": ".sz", "currencycode": "SZL", "currencyname": "Lilangeni", "phone": "268", "postalcoderegex": "^([A-Z]\\d{3})$", "languages": "en-SZ,ss-SZ", "neighbours": "ZA,MZ"}, "TC": {"geonameid": 3576916, "name": "Turks and Caicos Islands", "iso": "TC", "iso3": "TCA", "isonumeric": 796, "fips": "TK", "continentcode": "NA", "capital": "Cockburn Town", "areakm2": 430, "population": 20556, "tld": ".tc", "currencycode": "USD", "currencyname": "Dollar", "phone": "+1-649", "postalcoderegex": "^(TKCA 1ZZ)$", "languages": "en-TC", "neighbours": ""}, "TD": {"geonameid": 2434508, "name": "Chad", "iso": "TD", "iso3": "TCD", "isonumeric": 148, "fips": "CD", "continentcode": "AF", "capital": "N'Djamena", "areakm2": 1284000, "population": 10543464, "tld": ".td", "currencycode": "XAF", "currencyname": "Franc", "phone": "235", "postalcoderegex": "", "languages": "fr-TD,ar-TD,sre", "neighbours": "NE,LY,CF,SD,CM,NG"}, "TF": {"geonameid": 1546748, "name": "French Southern Territories", "iso": "TF", "iso3": "ATF", "isonumeric": 260, "fips": "FS", "continentcode": "AN", "capital": "Port-aux-Francais", "areakm2": 7829, "population": 140, "tld": ".tf", "currencycode": "EUR", "currencyname": "Euro  ", "phone": "", "postalcoderegex": "", "languages": "fr", "neighbours": ""}, "TG": {"geonameid": 2363686, "name": "Togo", "iso": "TG", "iso3": "TGO", "isonumeric": 768, "fips": "TO", "continentcode": "AF", "capital": "Lome", "areakm2": 56785, "population": 6587239, "tld": ".tg", "currencycode": "XOF", "currencyname": "Franc", "phone": "228", "postalcoderegex": "", "languages": "fr-TG,ee,hna,kbp,dag,ha", "neighbours": "BJ,GH,BF"}, "TH": {"geonameid": 1605651, "name": "Thailand", "iso": "TH", "iso3": "THA", "isonumeric": 764, "fips": "TH", "continentcode": "AS", "capital": "Bangkok", "areakm2": 514000, "population": 67089500, "tld": ".th", "currencycode": "THB", "currencyname": "Baht", "phone": "66", "postalcoderegex": "^(\\d{5})$", "languages": "th,en", "neighbours": "LA,MM,KH,MY"}, "TJ": {"geonameid": 1220409, "name": "Tajikistan", "iso": "TJ", "iso3": "TJK", "isonumeric": 762, "fips": "TI", "continentcode": "AS", "capital": "Dushanbe", "areakm2": 143100, "population": 7487489, "tld": ".tj", "currencycode": "TJS", "currencyname": "Somoni", "phone": "992", "postalcoderegex": "^(\\d{6})$", "languages": "tg,ru", "neighbours": "CN,AF,KG,UZ"}, "TK": {"geonameid": 4031074, "name": "Tokelau", "iso": "TK", "iso3": "TKL", "isonumeric": 772, "fips": "TL", "continentcode": "OC", "capital": "", "areakm2": 10, "population": 1466, "tld": ".tk", "currencycode": "NZD", "currencyname": "Dollar", "phone": "690", "postalcoderegex": "", "languages": "tkl,en-TK", "neighbours": ""}, "TL": {"geonameid": 1966436, "name": "East Timor", "iso": "TL", "iso3": "TLS", "isonumeric": 626, "fips": "TT", "continentcode": "OC", "capital": "Dili", "areakm2": 15007, "population": 1154625, "tld": ".tl", "currencycode": "USD", "currencyname": "Dollar", "phone": "670", "postalcoderegex": "", "languages": "tet,pt-TL,id,en", "neighbours": "ID"}, "TM": {"geonameid": 1218197, "name": "Turkmenistan", "iso": "TM", "iso3": "TKM", "isonumeric": 795, "fips": "TX", "continentcode": "AS", "capital": "Ashgabat", "areakm2": 488100, "population": 4940916, "tld": ".tm", "currencycode": "TMT", "currencyname": "Manat", "phone": "993", "postalcoderegex": "^(\\d{6})$", "languages": "tk,ru,uz", "neighbours": "AF,IR,UZ,KZ"}, "TN": {"geonameid": 2464461, "name": "Tunisia", "iso": "TN", "iso3": "TUN", "isonumeric": 788, "fips": "TS", "continentcode": "AF", "capital": "Tunis", "areakm2": 163610, "population": 10589025, "tld": ".tn", "currencycode": "TND", "currencyname": "Dinar", "phone": "216", "postalcoderegex": "^(\\d{4})$", "languages": "ar-TN,fr", "neighbours": "DZ,LY"}, "TO": {"geonameid": 4032283, "name": "Tonga", "iso": "TO", "iso3": "TON", "isonumeric": 776, "fips": "TN", "continentcode": "OC", "capital": "Nuku'alofa", "areakm2": 748, "population": 122580, "tld": ".to", "currencycode": "TOP", "currencyname": "Pa'anga", "phone": "676", "postalcoderegex": "", "languages": "to,en-TO", "neighbours": ""}, "TR": {"geonameid": 298795, "name": "Turkey", "iso": "TR", "iso3": "TUR", "isonumeric": 792, "fips": "TU", "continentcode": "AS", "capital": "Ankara", "areakm2": 780580, "population": 77804122, "tld": ".tr", "currencycode": "TRY", "currencyname": "Lira", "phone": "90", "postalcoderegex": "^(\\d{5})$", "languages": "tr-TR,ku,diq,az,av", "neighbours": "SY,GE,IQ,IR,GR,AM,AZ,BG"}, "TT": {"geonameid": 3573591, "name": "Trinidad and Tobago", "iso": "TT", "iso3": "TTO", "isonumeric": 780, "fips": "TD", "continentcode": "NA", "capital": "Port of Spain", "areakm2": 5128, "population": 1228691, "tld": ".tt", "currencycode": "TTD", "currencyname": "Dollar", "phone": "+1-868", "postalcoderegex": "", "languages": "en-TT,hns,fr,es,zh", "neighbours": ""}, "TV": {"geonameid": 2110297, "name": "Tuvalu", "iso": "TV", "iso3": "TUV", "isonumeric": 798, "fips": "TV", "continentcode": "OC", "capital": "Funafuti", "areakm2": 26, "population": 10472, "tld": ".tv", "currencycode": "AUD", "currencyname": "Dollar", "phone": "688", "postalcoderegex": "", "languages": "tvl,en,sm,gil", "neighbours": ""}, "TW": {"geonameid": 1668284, "name": "Taiwan", "iso": "TW", "iso3": "TWN", "isonumeric": 158, "fips": "TW", "continentcode": "AS", "capital": "Taipei", "areakm2": 35980, "population": 22894384, "tld": ".tw", "currencycode": "TWD", "currencyname": "Dollar", "phone": "886", "postalcoderegex": "^(\\d{5})$", "languages": "zh-TW,zh,nan,hak", "neighbours": ""}, "TZ": {"geonameid": 149590, "name": "Tanzania", "iso": "TZ", "iso3": "TZA", "isonumeric": 834, "fips": "TZ", "continentcode": "AF", "capital": "Dodoma", "areakm2": 945087, "population": 41892895, "tld": ".tz", "currencycode": "TZS", "currencyname": "Shilling", "phone": "255", "postalcoderegex": "", "languages": "sw-TZ,en,ar", "neighbours": "MZ,KE,CD,RW,ZM,BI,UG,MW"}, "UA": {"geonameid": 690791, "name": "Ukraine", "iso": "UA", "iso3": "UKR", "isonumeric": 804, "fips": "UP", "continentcode": "EU", "capital": "Kiev", "areakm2": 603700, "population": 45415596, "tld": ".ua", "currencycode": "UAH", "currencyname": "Hryvnia", "phone": "380", "postalcoderegex": "^(\\d{5})$", "languages": "uk,ru-UA,rom,pl,hu", "neighbours": "PL,MD,HU,SK,BY,RO,RU"}, "UG": {"geonameid": 226074, "name": "Uganda", "iso": "UG", "iso3": "UGA", "isonumeric": 800, "fips": "UG", "continentcode": "AF", "capital": "Kampala", "areakm2": 236040, "population": 33398682, "tld": ".ug", "currencycode": "UGX", "currencyname": "Shilling", "phone": "256", "postalcoderegex": "", "languages": "en-UG,lg,sw,ar", "neighbours": "TZ,KE,SS,CD,RW"}, "UM": {"geonameid": 5854968, "name": "United States Minor Outlying Islands", "iso": "UM", "iso3": "UMI", "isonumeric": 581, "fips": "", "continentcode": "OC", "capital": "", "areakm2": 0, "population": 0, "tld": ".um", "currencycode": "USD", "currencyname": "Dollar ", "phone": "1", "postalcoderegex": "", "languages": "en-UM", "neighbours": ""}, "US": {"geonameid": 6252001, "name": "United States", "iso": "US", "iso3": "USA", "isonumeric": 840, "fips": "US", "continentcode": "NA", "capital": "Washington", "areakm2": 9629091, "population": 310232863, "tld": ".us", "currencycode": "USD", "currencyname": "Dollar", "phone": "1", "postalcoderegex": "^\\d{5}(-\\d{4})?$", "languages": "en-US,es-US,haw,fr", "neighbours": "CA,MX,CU"}, "UY": {"geonameid": 3439705, "name": "Uruguay", "iso": "UY", "iso3": "URY", "isonumeric": 858, "fips": "UY", "continentcode": "SA", "capital": "Montevideo", "areakm2": 176220, "population": 3477000, "tld": ".uy", "currencycode": "UYU", "currencyname": "Peso", "phone": "598", "postalcoderegex": "^(\\d{5})$", "languages": "es-UY", "neighbours": "BR,AR"}, "UZ": {"geonameid": 1512440, "name": "Uzbekistan", "iso": "UZ", "iso3": "UZB", "isonumeric": 860, "fips": "UZ", "continentcode": "AS", "capital": "Tashkent", "areakm2": 447400, "population": 27865738, "tld": ".uz", "currencycode": "UZS", "currencyname": "Som", "phone": "998", "postalcoderegex": "^(\\d{6})$", "languages": "uz,ru,tg", "neighbours": "TM,AF,KG,TJ,KZ"}, "VA": {"geonameid": 3164670, "name": "Vatican", "iso": "VA", "iso3": "VAT", "isonumeric": 336, "fips": "VT", "continentcode": "EU", "capital": "Vatican City", "areakm2": 0, "population": 921, "tld": ".va", "currencycode": "EUR", "currencyname": "Euro", "phone": "379", "postalcoderegex": "", "languages": "la,it,fr", "neighbours": "IT"}, "VC": {"geonameid": 3577815, "name": "Saint Vincent and the Grenadines", "iso": "VC", "iso3": "VCT", "isonumeric": 670, "fips": "VC", "continentcode": "NA", "capital": "Kingstown", "areakm2": 389, "population": 104217, "tld": ".vc", "currencycode": "XCD", "currencyname": "Dollar", "phone": "+1-784", "postalcoderegex": "", "languages": "en-VC,fr", "neighbours": ""}, "VE": {"geonameid": 3625428, "name": "Venezuela", "iso": "VE", "iso3": "VEN", "isonumeric": 862, "fips": "VE", "continentcode": "SA", "capital": "Caracas", "areakm2": 912050, "population": 27223228, "tld": ".ve", "currencycode": "VEF", "currencyname": "Bolivar", "phone": "58", "postalcoderegex": "^(\\d{4})$", "languages": "es-VE", "neighbours": "GY,BR,CO"}, "VG": {"geonameid": 3577718, "name": "British Virgin Islands", "iso": "VG", "iso3": "VGB", "isonumeric": 92, "fips": "VI", "continentcode": "NA", "capital": "Road Town", "areakm2": 153, "population": 21730, "tld": ".vg", "currencycode": "USD", "currencyname": "Dollar", "phone": "+1-284", "postalcoderegex": "", "languages": "en-VG", "neighbours": ""}, "VI": {"geonameid": 4796775, "name": "U.S. Virgin Islands", "iso": "VI", "iso3": "VIR", "isonumeric": 850, "fips": "VQ", "continentcode": "NA", "capital": "Charlotte Amalie", "areakm2": 352, "population": 108708, "tld": ".vi", "currencycode": "USD", "currencyname": "Dollar", "phone": "+1-340", "postalcoderegex": "", "languages": "en-VI", "neighbours": ""}, "VN": {"geonameid": 1562822, "name": "Vietnam", "iso": "VN", "iso3": "VNM", "isonumeric": 704, "fips": "VM", "continentcode": "AS", "capital": "Hanoi", "areakm2": 329560, "population": 89571130, "tld": ".vn", "currencycode": "VND", "currencyname": "Dong", "phone": "84", "postalcoderegex": "^(\\d{6})$", "languages": "vi,en,fr,zh,km", "neighbours": "CN,LA,KH"}, "VU": {"geonameid": 2134431, "name": "Vanuatu", "iso": "VU", "iso3": "VUT", "isonumeric": 548, "fips": "NH", "continentcode": "OC", "capital": "Port Vila", "areakm2": 12200, "population": 221552, "tld": ".vu", "currencycode": "VUV", "currencyname": "Vatu", "phone": "678", "postalcoderegex": "", "languages": "bi,en-VU,fr-VU", "neighbours": ""}, "WF": {"geonameid": 4034749, "name": "Wallis and Futuna", "iso": "WF", "iso3": "WLF", "isonumeric": 876, "fips": "WF", "continentcode": "OC", "capital": "Mata Utu", "areakm2": 274, "population": 16025, "tld": ".wf", "currencycode": "XPF", "currencyname": "Franc", "phone": "681", "postalcoderegex": "^(986\\d{2})$", "languages": "wls,fud,fr-WF", "neighbours": ""}, "WS": {"geonameid": 4034894, "name": "Samoa", "iso": "WS", "iso3": "WSM", "isonumeric": 882, "fips": "WS", "continentcode": "OC", "capital": "Apia", "areakm2": 2944, "population": 192001, "tld": ".ws", "currencycode": "WST", "currencyname": "Tala", "phone": "685", "postalcoderegex": "", "languages": "sm,en-WS", "neighbours": ""}, "YE": {"geonameid": 69543, "name": "Yemen", "iso": "YE", "iso3": "YEM", "isonumeric": 887, "fips": "YM", "continentcode": "AS", "capital": "Sanaa", "areakm2": 527970, "population": 23495361, "tld": ".ye", "currencycode": "YER", "currencyname": "Rial", "phone": "967", "postalcoderegex": "", "languages": "ar-YE", "neighbours": "SA,OM"}, "YT": {"geonameid": 1024031, "name": "Mayotte", "iso": "YT", "iso3": "MYT", "isonumeric": 175, "fips": "MF", "continentcode": "AF", "capital": "Mamoudzou", "areakm2": 374, "population": 159042, "tld": ".yt", "currencycode": "EUR", "currencyname": "Euro", "phone": "262", "postalcoderegex": "^(\\d{5})$", "languages": "fr-YT", "neighbours": ""}, "ZA": {"geonameid": 953987, "name": "South Africa", "iso": "ZA", "iso3": "ZAF", "isonumeric": 710, "fips": "SF", "continentcode": "AF", "capital": "Pretoria", "areakm2": 1219912, "population": 49000000, "tld": ".za", "currencycode": "ZAR", "currencyname": "Rand", "phone": "27", "postalcoderegex": "^(\\d{4})$", "languages": "zu,xh,af,nso,en-ZA,tn,st,ts,ss,ve,nr", "neighbours": "ZW,SZ,MZ,BW,NA,LS"}, "ZM": {"geonameid": 895949, "name": "Zambia", "iso": "ZM", "iso3": "ZMB", "isonumeric": 894, "fips": "ZA", "continentcode": "AF", "capital": "Lusaka", "areakm2": 752614, "population": 13460305, "tld": ".zm", "currencycode": "ZMK", "currencyname": "Kwacha", "phone": "260", "postalcoderegex": "^(\\d{5})$", "languages": "en-ZM,bem,loz,lun,lue,ny,toi", "neighbours": "ZW,TZ,MZ,CD,NA,MW,AO"}, "ZW": {"geonameid": 878675, "name": "Zimbabwe", "iso": "ZW", "iso3": "ZWE", "isonumeric": 716, "fips": "ZI", "continentcode": "AF", "capital": "Harare", "areakm2": 390580, "population": 11651858, "tld": ".zw", "currencycode": "ZWL", "currencyname": "Dollar", "phone": "263", "postalcoderegex": "", "languages": "en-ZW,sn,nr,nd", "neighbours": "ZA,MZ,BW,ZM"}, "CS": {"geonameid": 0, "name": "Serbia and Montenegro", "iso": "CS", "iso3": "SCG", "isonumeric": 891, "fips": "YI", "continentcode": "EU", "capital": "Belgrade", "areakm2": 102350, "population": 10829175, "tld": ".cs", "currencycode": "RSD", "currencyname": "Dinar", "phone": "381", "postalcoderegex": "^(\\d{5})$", "languages": "cu,hu,sq,sr", "neighbours": "AL,HU,MK,RO,HR,BA,BG"}, "AN": {"geonameid": 0, "name": "Netherlands Antilles", "iso": "AN", "iso3": "ANT", "isonumeric": 530, "fips": "NT", "continentcode": "NA", "capital": "Willemstad", "areakm2": 960, "population": 136197, "tld": ".an", "currencycode": "ANG", "currencyname": "Guilder", "phone": "599", "postalcoderegex": "", "languages": "nl-AN,en,es", "neighbours": "GP"}}