<?xml version="1.0" encoding="UTF-8" standalone="yes"?>
<addon id="repository.gaia" version="6.0.0~beta1" name="Gaia Repository" provider-name="Gaia">
	<extension point="xbmc.addon.repository" name="Gaia Repository">
		<dir>
			<info compressed="false">https://github.com/gaiakodi/gaiamain/raw/master/common/addons.xml?v=6.0.0~beta1</info>
			<checksum>https://github.com/gaiakodi/gaiamain/raw/master/common/addons.xml.md5?v=6.0.0~beta1</checksum>
			<datadir zip="true">https://github.com/gaiakodi/gaiamain/raw/master/common/</datadir>
		</dir>
		<info compressed="false">https://github.com/gaiakodi/gaiamain/raw/master/addons.xml?v=6.0.0~beta1</info>
		<checksum>https://github.com/gaiakodi/gaiamain/raw/master/addons.xml.md5?v=6.0.0~beta1</checksum>
		<datadir zip="true">https://github.com/gaiakodi/gaiamain/raw/master/</datadir>
	</extension>
	<extension point="xbmc.addon.metadata">
		<summary lang="en">Gaia Main Repository</summary>
		<description lang="en">The Gaia repository for the addon, resources, extensions, and external addons. Any of the Gaia mirror repositories can be used for installation and updates.</description>
		<disclaimer lang="en">Gaia and its developers are not in any way affiliated with Kodi, Premiumize, OffCloud, RealDebrid, EasyNews, Orion, or any of the sites and providers used in the addon.<br/>Gaia is and always will be free and open-source. None of its code and resources may be sold or redistributed for any commercial purposes.<br/>Gaia and its developers do not host, create, or distribute any of the content displayed in the addon, it simply searches public sources.</disclaimer>

		<platform>all</platform>
		<license>GPL 3.0</license>

		<website>https://gaiakodi.com</website>
		<forum>https://gaiakodi.com/?support</forum>

		<assets>
			<icon>resources/icon.png</icon>
			<clearlogo>resources/clearlogo.png</clearlogo>
			<fanart>resources/fanart.jpg</fanart>
			<banner>resources/banner.jpg</banner>
		</assets>
	</extension>
</addon>
